Serial,Code,MagicLink
0001,8946BBE5,https://tantalize.lk/t/8946BBE5
0002,461F0F8D,https://tantalize.lk/t/461F0F8D
0003,9B0022E2,https://tantalize.lk/t/9B0022E2
0004,F2D43DD0,https://tantalize.lk/t/F2D43DD0
0005,DD67A2B6,https://tantalize.lk/t/DD67A2B6
0006,F74C9BD7,https://tantalize.lk/t/F74C9BD7
0007,3FCD7A0E,https://tantalize.lk/t/3FCD7A0E
0008,3E8A2049,https://tantalize.lk/t/3E8A2049
0009,6F634357,https://tantalize.lk/t/6F634357
0010,F3C2577A,https://tantalize.lk/t/F3C2577A
0011,98E7D8CF,https://tantalize.lk/t/98E7D8CF
0012,32316673,https://tantalize.lk/t/32316673
0013,F5128990,https://tantalize.lk/t/F5128990
0014,4334A9B3,https://tantalize.lk/t/4334A9B3
0015,4AB48565,https://tantalize.lk/t/4AB48565
0016,A204ABDE,https://tantalize.lk/t/A204ABDE
0017,634A89B0,https://tantalize.lk/t/634A89B0
0018,B995D202,https://tantalize.lk/t/B995D202
0019,F4294FCE,https://tantalize.lk/t/F4294FCE
0020,0AA1139B,https://tantalize.lk/t/0AA1139B
0021,00D06666,https://tantalize.lk/t/00D06666
0022,4DFAC7A1,https://tantalize.lk/t/4DFAC7A1
0023,7EFAA3B8,https://tantalize.lk/t/7EFAA3B8
0024,52CCC0A2,https://tantalize.lk/t/52CCC0A2
0025,0B12EA02,https://tantalize.lk/t/0B12EA02
0026,7C01C625,https://tantalize.lk/t/7C01C625
0027,AAF427CC,https://tantalize.lk/t/AAF427CC
0028,820E501F,https://tantalize.lk/t/820E501F
0029,E9F58BDC,https://tantalize.lk/t/E9F58BDC
0030,FADA2EFD,https://tantalize.lk/t/FADA2EFD
0031,96E11581,https://tantalize.lk/t/96E11581
0032,3242AF1F,https://tantalize.lk/t/3242AF1F
0033,1189B59B,https://tantalize.lk/t/1189B59B
0034,0595C39D,https://tantalize.lk/t/0595C39D
0035,2BF537A2,https://tantalize.lk/t/2BF537A2
0036,0426CE6C,https://tantalize.lk/t/0426CE6C
0037,31F99429,https://tantalize.lk/t/31F99429
0038,8FBADA30,https://tantalize.lk/t/8FBADA30
0039,EF38713D,https://tantalize.lk/t/EF38713D
0040,9CD18F6D,https://tantalize.lk/t/9CD18F6D
0041,83C959A6,https://tantalize.lk/t/83C959A6
0042,16556BD9,https://tantalize.lk/t/16556BD9
0043,E04FDCEC,https://tantalize.lk/t/E04FDCEC
0044,F6DA208C,https://tantalize.lk/t/F6DA208C
0045,1B5266A9,https://tantalize.lk/t/1B5266A9
0046,4B25293B,https://tantalize.lk/t/4B25293B
0047,F06E9307,https://tantalize.lk/t/F06E9307
0048,41BCA529,https://tantalize.lk/t/41BCA529
0049,8F53EE2A,https://tantalize.lk/t/8F53EE2A
0050,43322310,https://tantalize.lk/t/43322310
0051,205923F4,https://tantalize.lk/t/205923F4
0052,018B346E,https://tantalize.lk/t/018B346E
0053,AF820A6D,https://tantalize.lk/t/AF820A6D
0054,466576FE,https://tantalize.lk/t/466576FE
0055,6D5E4F3F,https://tantalize.lk/t/6D5E4F3F
0056,0A559CA9,https://tantalize.lk/t/0A559CA9
0057,587B6929,https://tantalize.lk/t/587B6929
0058,B1CBC101,https://tantalize.lk/t/B1CBC101
0059,F7F0CFC6,https://tantalize.lk/t/F7F0CFC6
0060,1651FEB7,https://tantalize.lk/t/1651FEB7
0061,E5D769D2,https://tantalize.lk/t/E5D769D2
0062,F913B58C,https://tantalize.lk/t/F913B58C
0063,F78EDD66,https://tantalize.lk/t/F78EDD66
0064,9CFB1A13,https://tantalize.lk/t/9CFB1A13
0065,9C3EB714,https://tantalize.lk/t/9C3EB714
0066,6004B635,https://tantalize.lk/t/6004B635
0067,EFC8AA5D,https://tantalize.lk/t/EFC8AA5D
0068,682058BE,https://tantalize.lk/t/682058BE
0069,4764BAE2,https://tantalize.lk/t/4764BAE2
0070,01E14707,https://tantalize.lk/t/01E14707
0071,5B96A96C,https://tantalize.lk/t/5B96A96C
0072,65E9558E,https://tantalize.lk/t/65E9558E
0073,747B7EB6,https://tantalize.lk/t/747B7EB6
0074,2F28892F,https://tantalize.lk/t/2F28892F
0075,E84C5B48,https://tantalize.lk/t/E84C5B48
0076,AB6B069F,https://tantalize.lk/t/AB6B069F
0077,A838CA0B,https://tantalize.lk/t/A838CA0B
0078,593E4752,https://tantalize.lk/t/593E4752
0079,7EB6967A,https://tantalize.lk/t/7EB6967A
0080,EBF86B0E,https://tantalize.lk/t/EBF86B0E
0081,98FECBCF,https://tantalize.lk/t/98FECBCF
0082,9279ABE4,https://tantalize.lk/t/9279ABE4
0083,2FF5E655,https://tantalize.lk/t/2FF5E655
0084,A7EA4B89,https://tantalize.lk/t/A7EA4B89
0085,FFAB89C5,https://tantalize.lk/t/FFAB89C5
0086,791BCFB2,https://tantalize.lk/t/791BCFB2
0087,8187F4AB,https://tantalize.lk/t/8187F4AB
0088,E33CD857,https://tantalize.lk/t/E33CD857
0089,9D1EEB12,https://tantalize.lk/t/9D1EEB12
0090,D6012BE9,https://tantalize.lk/t/D6012BE9
0091,8B9785BF,https://tantalize.lk/t/8B9785BF
0092,93A48240,https://tantalize.lk/t/93A48240
0093,73ECF11E,https://tantalize.lk/t/73ECF11E
0094,6C5EA2BE,https://tantalize.lk/t/6C5EA2BE
0095,09BCE428,https://tantalize.lk/t/09BCE428
0096,FD6B38F5,https://tantalize.lk/t/FD6B38F5
0097,DC2B28E5,https://tantalize.lk/t/DC2B28E5
0098,96E372F1,https://tantalize.lk/t/96E372F1
0099,E2CA2CD1,https://tantalize.lk/t/E2CA2CD1
0100,F4E6EA2C,https://tantalize.lk/t/F4E6EA2C
0101,0C81D927,https://tantalize.lk/t/0C81D927
0102,E8B27B9F,https://tantalize.lk/t/E8B27B9F
0103,FC750F33,https://tantalize.lk/t/FC750F33
0104,BC9C663B,https://tantalize.lk/t/BC9C663B
0105,6A64CF9A,https://tantalize.lk/t/6A64CF9A
0106,E2002796,https://tantalize.lk/t/E2002796
0107,1B747480,https://tantalize.lk/t/1B747480
0108,A45F4A44,https://tantalize.lk/t/A45F4A44
0109,BA40579B,https://tantalize.lk/t/BA40579B
0110,A6639DB8,https://tantalize.lk/t/A6639DB8
0111,F2C0014D,https://tantalize.lk/t/F2C0014D
0112,D93F774B,https://tantalize.lk/t/D93F774B
0113,0747732B,https://tantalize.lk/t/0747732B
0114,A6F9376F,https://tantalize.lk/t/A6F9376F
0115,9B907877,https://tantalize.lk/t/9B907877
0116,7537FDA9,https://tantalize.lk/t/7537FDA9
0117,B260994B,https://tantalize.lk/t/B260994B
0118,4E2518DE,https://tantalize.lk/t/4E2518DE
0119,CDBFCDDC,https://tantalize.lk/t/CDBFCDDC
0120,171440B0,https://tantalize.lk/t/171440B0
0121,E93BF5BA,https://tantalize.lk/t/E93BF5BA
0122,9513D698,https://tantalize.lk/t/9513D698
0123,6508BB32,https://tantalize.lk/t/6508BB32
0124,CC57F31D,https://tantalize.lk/t/CC57F31D
0125,F4F58387,https://tantalize.lk/t/F4F58387
0126,A77E6071,https://tantalize.lk/t/A77E6071
0127,43F7DE26,https://tantalize.lk/t/43F7DE26
0128,1A5CA2A6,https://tantalize.lk/t/1A5CA2A6
0129,46E62B51,https://tantalize.lk/t/46E62B51
0130,7D5BB4A8,https://tantalize.lk/t/7D5BB4A8
0131,F2E29B66,https://tantalize.lk/t/F2E29B66
0132,E116FCF9,https://tantalize.lk/t/E116FCF9
0133,A1515968,https://tantalize.lk/t/A1515968
0134,36BEE2A9,https://tantalize.lk/t/36BEE2A9
0135,62F6EFC6,https://tantalize.lk/t/62F6EFC6
0136,C500A75B,https://tantalize.lk/t/C500A75B
0137,FBF193DA,https://tantalize.lk/t/FBF193DA
0138,0ADC4A99,https://tantalize.lk/t/0ADC4A99
0139,562F3F39,https://tantalize.lk/t/562F3F39
0140,5C8546DD,https://tantalize.lk/t/5C8546DD
0141,B68FD048,https://tantalize.lk/t/B68FD048
0142,10B5BAC9,https://tantalize.lk/t/10B5BAC9
0143,AA02CADC,https://tantalize.lk/t/AA02CADC
0144,B9045550,https://tantalize.lk/t/B9045550
0145,7FBBAFA5,https://tantalize.lk/t/7FBBAFA5
0146,3AC11DAD,https://tantalize.lk/t/3AC11DAD
0147,2A6D6412,https://tantalize.lk/t/2A6D6412
0148,5E2FAAA5,https://tantalize.lk/t/5E2FAAA5
0149,EDA36DB7,https://tantalize.lk/t/EDA36DB7
0150,F232C466,https://tantalize.lk/t/F232C466
0151,F8AF464E,https://tantalize.lk/t/F8AF464E
0152,8ED87795,https://tantalize.lk/t/8ED87795
0153,AF3F19B9,https://tantalize.lk/t/AF3F19B9
0154,DE5E9083,https://tantalize.lk/t/DE5E9083
0155,932F327C,https://tantalize.lk/t/932F327C
0156,DD95EA49,https://tantalize.lk/t/DD95EA49
0157,2A96203B,https://tantalize.lk/t/2A96203B
0158,386DAFF6,https://tantalize.lk/t/386DAFF6
0159,62CDC895,https://tantalize.lk/t/62CDC895
0160,C2D627E7,https://tantalize.lk/t/C2D627E7
0161,2D080A05,https://tantalize.lk/t/2D080A05
0162,4F7A0038,https://tantalize.lk/t/4F7A0038
0163,DECAA61A,https://tantalize.lk/t/DECAA61A
0164,CA5B25E5,https://tantalize.lk/t/CA5B25E5
0165,B056AE60,https://tantalize.lk/t/B056AE60
0166,91295318,https://tantalize.lk/t/91295318
0167,860B00E7,https://tantalize.lk/t/860B00E7
0168,8F9C2AC1,https://tantalize.lk/t/8F9C2AC1
0169,7F993AE6,https://tantalize.lk/t/7F993AE6
0170,D5DE5C61,https://tantalize.lk/t/D5DE5C61
0171,490D5CC9,https://tantalize.lk/t/490D5CC9
0172,83723682,https://tantalize.lk/t/83723682
0173,321233A9,https://tantalize.lk/t/321233A9
0174,CECE8D5E,https://tantalize.lk/t/CECE8D5E
0175,88D95052,https://tantalize.lk/t/88D95052
0176,6CA2DE35,https://tantalize.lk/t/6CA2DE35
0177,9D53B122,https://tantalize.lk/t/9D53B122
0178,A243C1EE,https://tantalize.lk/t/A243C1EE
0179,942E27C9,https://tantalize.lk/t/942E27C9
0180,5FF12193,https://tantalize.lk/t/5FF12193
0181,FF267F19,https://tantalize.lk/t/FF267F19
0182,43B44351,https://tantalize.lk/t/43B44351
0183,EDD6CFC1,https://tantalize.lk/t/EDD6CFC1
0184,C88D6435,https://tantalize.lk/t/C88D6435
0185,21DB8C6F,https://tantalize.lk/t/21DB8C6F
0186,850279E0,https://tantalize.lk/t/850279E0
0187,C0A7F063,https://tantalize.lk/t/C0A7F063
0188,BC8C0CEE,https://tantalize.lk/t/BC8C0CEE
0189,CF012776,https://tantalize.lk/t/CF012776
0190,301719A9,https://tantalize.lk/t/301719A9
0191,6403C7C1,https://tantalize.lk/t/6403C7C1
0192,110D00E7,https://tantalize.lk/t/110D00E7
0193,DF1AF74D,https://tantalize.lk/t/DF1AF74D
0194,95300D4E,https://tantalize.lk/t/95300D4E
0195,7137170F,https://tantalize.lk/t/7137170F
0196,188C2CA4,https://tantalize.lk/t/188C2CA4
0197,5DFE54C3,https://tantalize.lk/t/5DFE54C3
0198,19D4F881,https://tantalize.lk/t/19D4F881
0199,BBD0DA12,https://tantalize.lk/t/BBD0DA12
0200,DFDDAD5A,https://tantalize.lk/t/DFDDAD5A
0201,F49D68A2,https://tantalize.lk/t/F49D68A2
0202,2F6F6D31,https://tantalize.lk/t/2F6F6D31
0203,649E0DDA,https://tantalize.lk/t/649E0DDA
0204,6802F9D8,https://tantalize.lk/t/6802F9D8
0205,35B79FD4,https://tantalize.lk/t/35B79FD4
0206,FC084396,https://tantalize.lk/t/FC084396
0207,3385F232,https://tantalize.lk/t/3385F232
0208,7016FD63,https://tantalize.lk/t/7016FD63
0209,8B51B02E,https://tantalize.lk/t/8B51B02E
0210,BD92FD9D,https://tantalize.lk/t/BD92FD9D
0211,37019FCD,https://tantalize.lk/t/37019FCD
0212,3FEB776D,https://tantalize.lk/t/3FEB776D
0213,A835F135,https://tantalize.lk/t/A835F135
0214,8A6A18F7,https://tantalize.lk/t/8A6A18F7
0215,B14745D0,https://tantalize.lk/t/B14745D0
0216,CF831D1B,https://tantalize.lk/t/CF831D1B
0217,BEF47A13,https://tantalize.lk/t/BEF47A13
0218,28700A07,https://tantalize.lk/t/28700A07
0219,65A1C7AF,https://tantalize.lk/t/65A1C7AF
0220,9AAD5440,https://tantalize.lk/t/9AAD5440
0221,AB80926D,https://tantalize.lk/t/AB80926D
0222,F08B737D,https://tantalize.lk/t/F08B737D
0223,5E4C4DC7,https://tantalize.lk/t/5E4C4DC7
0224,5B08E3D8,https://tantalize.lk/t/5B08E3D8
0225,BB825E3A,https://tantalize.lk/t/BB825E3A
0226,A71B088E,https://tantalize.lk/t/A71B088E
0227,5979961B,https://tantalize.lk/t/5979961B
0228,8CD73B77,https://tantalize.lk/t/8CD73B77
0229,1D6D99AE,https://tantalize.lk/t/1D6D99AE
0230,0A837857,https://tantalize.lk/t/0A837857
0231,1E11C651,https://tantalize.lk/t/1E11C651
0232,D040AEE0,https://tantalize.lk/t/D040AEE0
0233,DF39F9C0,https://tantalize.lk/t/DF39F9C0
0234,71003072,https://tantalize.lk/t/71003072
0235,5E4C7559,https://tantalize.lk/t/5E4C7559
0236,AACFEF30,https://tantalize.lk/t/AACFEF30
0237,61A0E2EF,https://tantalize.lk/t/61A0E2EF
0238,7D34516C,https://tantalize.lk/t/7D34516C
0239,ADB51EF9,https://tantalize.lk/t/ADB51EF9
0240,D4544F89,https://tantalize.lk/t/D4544F89
0241,DB5AC622,https://tantalize.lk/t/DB5AC622
0242,23ED9C53,https://tantalize.lk/t/23ED9C53
0243,4F94699F,https://tantalize.lk/t/4F94699F
0244,8556C03E,https://tantalize.lk/t/8556C03E
0245,45DAA808,https://tantalize.lk/t/45DAA808
0246,C5B4CED9,https://tantalize.lk/t/C5B4CED9
0247,D5BC57CF,https://tantalize.lk/t/D5BC57CF
0248,530E1E91,https://tantalize.lk/t/530E1E91
0249,705EEF64,https://tantalize.lk/t/705EEF64
0250,5D2D53D5,https://tantalize.lk/t/5D2D53D5
0251,09F1D008,https://tantalize.lk/t/09F1D008
0252,C76CDD7E,https://tantalize.lk/t/C76CDD7E
0253,04C3335A,https://tantalize.lk/t/04C3335A
0254,7259524C,https://tantalize.lk/t/7259524C
0255,81401365,https://tantalize.lk/t/81401365
0256,50903663,https://tantalize.lk/t/50903663
0257,98DF4046,https://tantalize.lk/t/98DF4046
0258,777321C7,https://tantalize.lk/t/777321C7
0259,B95BA138,https://tantalize.lk/t/B95BA138
0260,A2640411,https://tantalize.lk/t/A2640411
0261,B654B09F,https://tantalize.lk/t/B654B09F
0262,98B8C82A,https://tantalize.lk/t/98B8C82A
0263,983750DC,https://tantalize.lk/t/983750DC
0264,13C6C0E9,https://tantalize.lk/t/13C6C0E9
0265,DCCD0AB5,https://tantalize.lk/t/DCCD0AB5
0266,81F7A61F,https://tantalize.lk/t/81F7A61F
0267,2836BFA8,https://tantalize.lk/t/2836BFA8
0268,4183FD69,https://tantalize.lk/t/4183FD69
0269,E6D5CFCA,https://tantalize.lk/t/E6D5CFCA
0270,E7BFF34C,https://tantalize.lk/t/E7BFF34C
0271,81A4D364,https://tantalize.lk/t/81A4D364
0272,74FBA5C2,https://tantalize.lk/t/74FBA5C2
0273,75C1FA48,https://tantalize.lk/t/75C1FA48
0274,92F7D741,https://tantalize.lk/t/92F7D741
0275,EDB954AF,https://tantalize.lk/t/EDB954AF
0276,51BA4FEF,https://tantalize.lk/t/51BA4FEF
0277,FDB40F31,https://tantalize.lk/t/FDB40F31
0278,7A351777,https://tantalize.lk/t/7A351777
0279,C351ADD1,https://tantalize.lk/t/C351ADD1
0280,AFE78E07,https://tantalize.lk/t/AFE78E07
0281,8E9B55E8,https://tantalize.lk/t/8E9B55E8
0282,11165FEF,https://tantalize.lk/t/11165FEF
0283,5096F848,https://tantalize.lk/t/5096F848
0284,CC2586C3,https://tantalize.lk/t/CC2586C3
0285,E18728C7,https://tantalize.lk/t/E18728C7
0286,A15EF433,https://tantalize.lk/t/A15EF433
0287,641C5BC1,https://tantalize.lk/t/641C5BC1
0288,A3DAA965,https://tantalize.lk/t/A3DAA965
0289,22F6D3DF,https://tantalize.lk/t/22F6D3DF
0290,9B1CC462,https://tantalize.lk/t/9B1CC462
0291,78CF8552,https://tantalize.lk/t/78CF8552
0292,B9B992F0,https://tantalize.lk/t/B9B992F0
0293,D6FCA16B,https://tantalize.lk/t/D6FCA16B
0294,C16A4E6E,https://tantalize.lk/t/C16A4E6E
0295,F37606D1,https://tantalize.lk/t/F37606D1
0296,2F2395B9,https://tantalize.lk/t/2F2395B9
0297,E80E2B6E,https://tantalize.lk/t/E80E2B6E
0298,AFB7BD8D,https://tantalize.lk/t/AFB7BD8D
0299,D0CDE41C,https://tantalize.lk/t/D0CDE41C
0300,97A7ED7A,https://tantalize.lk/t/97A7ED7A
0301,AB213E1B,https://tantalize.lk/t/AB213E1B
0302,68453887,https://tantalize.lk/t/68453887
0303,C77C222E,https://tantalize.lk/t/C77C222E
0304,5C7877EE,https://tantalize.lk/t/5C7877EE
0305,DA07EF28,https://tantalize.lk/t/DA07EF28
0306,49D70E9E,https://tantalize.lk/t/49D70E9E
0307,0AF31EB8,https://tantalize.lk/t/0AF31EB8
0308,04F2F090,https://tantalize.lk/t/04F2F090
0309,D9AB6EFB,https://tantalize.lk/t/D9AB6EFB
0310,629803EF,https://tantalize.lk/t/629803EF
0311,745C168B,https://tantalize.lk/t/745C168B
0312,D7770029,https://tantalize.lk/t/D7770029
0313,E9E4ADAC,https://tantalize.lk/t/E9E4ADAC
0314,ACCB7829,https://tantalize.lk/t/ACCB7829
0315,FB94EE7B,https://tantalize.lk/t/FB94EE7B
0316,BBBB427F,https://tantalize.lk/t/BBBB427F
0317,BDA05923,https://tantalize.lk/t/BDA05923
0318,1E53F54D,https://tantalize.lk/t/1E53F54D
0319,D73A75C9,https://tantalize.lk/t/D73A75C9
0320,B72707FB,https://tantalize.lk/t/B72707FB
0321,4C3B9C1D,https://tantalize.lk/t/4C3B9C1D
0322,D62FCEE1,https://tantalize.lk/t/D62FCEE1
0323,FB48CDCB,https://tantalize.lk/t/FB48CDCB
0324,E914CEBF,https://tantalize.lk/t/E914CEBF
0325,BBD70F51,https://tantalize.lk/t/BBD70F51
0326,5110FEF6,https://tantalize.lk/t/5110FEF6
0327,B85BAEB3,https://tantalize.lk/t/B85BAEB3
0328,B60F874D,https://tantalize.lk/t/B60F874D
0329,76B64C21,https://tantalize.lk/t/76B64C21
0330,6BD724E1,https://tantalize.lk/t/6BD724E1
0331,BD3285BD,https://tantalize.lk/t/BD3285BD
0332,3CF4BBAA,https://tantalize.lk/t/3CF4BBAA
0333,E08D2751,https://tantalize.lk/t/E08D2751
0334,FD6C6D9D,https://tantalize.lk/t/FD6C6D9D
0335,9A53C644,https://tantalize.lk/t/9A53C644
0336,BD9B583A,https://tantalize.lk/t/BD9B583A
0337,8090F7DA,https://tantalize.lk/t/8090F7DA
0338,2C21F2EA,https://tantalize.lk/t/2C21F2EA
0339,9B24AF36,https://tantalize.lk/t/9B24AF36
0340,14760547,https://tantalize.lk/t/14760547
0341,83CFEEBB,https://tantalize.lk/t/83CFEEBB
0342,54ACA6DA,https://tantalize.lk/t/54ACA6DA
0343,E3E48FAD,https://tantalize.lk/t/E3E48FAD
0344,522430EA,https://tantalize.lk/t/522430EA
0345,33D2C20B,https://tantalize.lk/t/33D2C20B
0346,9FF5D96D,https://tantalize.lk/t/9FF5D96D
0347,D2E82C47,https://tantalize.lk/t/D2E82C47
0348,B2111A8F,https://tantalize.lk/t/B2111A8F
0349,3420C0FC,https://tantalize.lk/t/3420C0FC
0350,56349D3F,https://tantalize.lk/t/56349D3F
0351,119FDDD1,https://tantalize.lk/t/119FDDD1
0352,C1606DAE,https://tantalize.lk/t/C1606DAE
0353,811946B0,https://tantalize.lk/t/811946B0
0354,150E138C,https://tantalize.lk/t/150E138C
0355,19BBE87A,https://tantalize.lk/t/19BBE87A
0356,2C82EB39,https://tantalize.lk/t/2C82EB39
0357,477708F0,https://tantalize.lk/t/477708F0
0358,27EFCE91,https://tantalize.lk/t/27EFCE91
0359,9ECB866C,https://tantalize.lk/t/9ECB866C
0360,C9D26499,https://tantalize.lk/t/C9D26499
0361,6D655F8C,https://tantalize.lk/t/6D655F8C
0362,DE04A1AB,https://tantalize.lk/t/DE04A1AB
0363,5B23B929,https://tantalize.lk/t/5B23B929
0364,C48084D8,https://tantalize.lk/t/C48084D8
0365,426FE625,https://tantalize.lk/t/426FE625
0366,03666FAD,https://tantalize.lk/t/03666FAD
0367,FEB6BF99,https://tantalize.lk/t/FEB6BF99
0368,7E0B0103,https://tantalize.lk/t/7E0B0103
0369,3DDDA538,https://tantalize.lk/t/3DDDA538
0370,131B12E7,https://tantalize.lk/t/131B12E7
0371,8790CBC9,https://tantalize.lk/t/8790CBC9
0372,FE47E022,https://tantalize.lk/t/FE47E022
0373,0A13415C,https://tantalize.lk/t/0A13415C
0374,4A85CA5E,https://tantalize.lk/t/4A85CA5E
0375,169E3C3F,https://tantalize.lk/t/169E3C3F
0376,ECEB6109,https://tantalize.lk/t/ECEB6109
0377,6A6E0A63,https://tantalize.lk/t/6A6E0A63
0378,CEE0E502,https://tantalize.lk/t/CEE0E502
0379,DB946BBB,https://tantalize.lk/t/DB946BBB
0380,F40F3157,https://tantalize.lk/t/F40F3157
0381,42030A41,https://tantalize.lk/t/42030A41
0382,37983246,https://tantalize.lk/t/37983246
0383,29160983,https://tantalize.lk/t/29160983
0384,8F0D4231,https://tantalize.lk/t/8F0D4231
0385,9E37B3C9,https://tantalize.lk/t/9E37B3C9
0386,64E7AC9E,https://tantalize.lk/t/64E7AC9E
0387,B27DABB9,https://tantalize.lk/t/B27DABB9
0388,44B97EDF,https://tantalize.lk/t/44B97EDF
0389,C88EFBAE,https://tantalize.lk/t/C88EFBAE
0390,0678EFE8,https://tantalize.lk/t/0678EFE8
0391,16CF2865,https://tantalize.lk/t/16CF2865
0392,82C423F1,https://tantalize.lk/t/82C423F1
0393,09486200,https://tantalize.lk/t/09486200
0394,B34C2BDF,https://tantalize.lk/t/B34C2BDF
0395,D5141585,https://tantalize.lk/t/D5141585
0396,B1D70A3D,https://tantalize.lk/t/B1D70A3D
0397,2D3F836E,https://tantalize.lk/t/2D3F836E
0398,D19772B8,https://tantalize.lk/t/D19772B8
0399,438C3122,https://tantalize.lk/t/438C3122
0400,CD3F285C,https://tantalize.lk/t/CD3F285C
0401,7695362C,https://tantalize.lk/t/7695362C
0402,A211D821,https://tantalize.lk/t/A211D821
0403,3031D4E6,https://tantalize.lk/t/3031D4E6
0404,710C61C1,https://tantalize.lk/t/710C61C1
0405,690E3BC2,https://tantalize.lk/t/690E3BC2
0406,7184B848,https://tantalize.lk/t/7184B848
0407,41C46D9E,https://tantalize.lk/t/41C46D9E
0408,6A56DC31,https://tantalize.lk/t/6A56DC31
0409,8AA17110,https://tantalize.lk/t/8AA17110
0410,420ED3F6,https://tantalize.lk/t/420ED3F6
0411,2D1E6189,https://tantalize.lk/t/2D1E6189
0412,CA3187C9,https://tantalize.lk/t/CA3187C9
0413,B0B652D3,https://tantalize.lk/t/B0B652D3
0414,D075EE40,https://tantalize.lk/t/D075EE40
0415,61BFC832,https://tantalize.lk/t/61BFC832
0416,EC6F08FD,https://tantalize.lk/t/EC6F08FD
0417,10983015,https://tantalize.lk/t/10983015
0418,3570FBBA,https://tantalize.lk/t/3570FBBA
0419,FE9E3B9E,https://tantalize.lk/t/FE9E3B9E
0420,189972C6,https://tantalize.lk/t/189972C6
0421,2828CD45,https://tantalize.lk/t/2828CD45
0422,4D238360,https://tantalize.lk/t/4D238360
0423,066A2032,https://tantalize.lk/t/066A2032
0424,54D4F949,https://tantalize.lk/t/54D4F949
0425,45AF2FFF,https://tantalize.lk/t/45AF2FFF
0426,6E1A3A25,https://tantalize.lk/t/6E1A3A25
0427,E7B4E0CC,https://tantalize.lk/t/E7B4E0CC
0428,63B280C5,https://tantalize.lk/t/63B280C5
0429,38142E33,https://tantalize.lk/t/38142E33
0430,9C1BB663,https://tantalize.lk/t/9C1BB663
0431,C0C228B5,https://tantalize.lk/t/C0C228B5
0432,B56C926E,https://tantalize.lk/t/B56C926E
0433,B984428E,https://tantalize.lk/t/B984428E
0434,6BFEC988,https://tantalize.lk/t/6BFEC988
0435,FAAADC1F,https://tantalize.lk/t/FAAADC1F
0436,75C711B2,https://tantalize.lk/t/75C711B2
0437,A7A308F7,https://tantalize.lk/t/A7A308F7
0438,C94C8DE8,https://tantalize.lk/t/C94C8DE8
0439,4A4A7F3C,https://tantalize.lk/t/4A4A7F3C
0440,69C054A8,https://tantalize.lk/t/69C054A8
0441,5C9331D6,https://tantalize.lk/t/5C9331D6
0442,52902A36,https://tantalize.lk/t/52902A36
0443,B71F4196,https://tantalize.lk/t/B71F4196
0444,4A2243EE,https://tantalize.lk/t/4A2243EE
0445,D48F5E77,https://tantalize.lk/t/D48F5E77
0446,F438084D,https://tantalize.lk/t/F438084D
0447,F8739967,https://tantalize.lk/t/F8739967
0448,159A8CBB,https://tantalize.lk/t/159A8CBB
0449,53A384A3,https://tantalize.lk/t/53A384A3
0450,86CC1148,https://tantalize.lk/t/86CC1148
0451,D39C22A4,https://tantalize.lk/t/D39C22A4
0452,5ADE24B9,https://tantalize.lk/t/5ADE24B9
0453,2D4DFD2F,https://tantalize.lk/t/2D4DFD2F
0454,9B89AD48,https://tantalize.lk/t/9B89AD48
0455,4BDBF355,https://tantalize.lk/t/4BDBF355
0456,CD633136,https://tantalize.lk/t/CD633136
0457,5F6D4E87,https://tantalize.lk/t/5F6D4E87
0458,2E80030F,https://tantalize.lk/t/2E80030F
0459,2C84BC26,https://tantalize.lk/t/2C84BC26
0460,A0E61884,https://tantalize.lk/t/A0E61884
0461,83BFB435,https://tantalize.lk/t/83BFB435
0462,8A61E67B,https://tantalize.lk/t/8A61E67B
0463,9519E357,https://tantalize.lk/t/9519E357
0464,AE1C2876,https://tantalize.lk/t/AE1C2876
0465,C067A952,https://tantalize.lk/t/C067A952
0466,CF277228,https://tantalize.lk/t/CF277228
0467,BE57040F,https://tantalize.lk/t/BE57040F
0468,C98A4325,https://tantalize.lk/t/C98A4325
0469,CFA22882,https://tantalize.lk/t/CFA22882
0470,CC88BE4B,https://tantalize.lk/t/CC88BE4B
0471,42FBF4FB,https://tantalize.lk/t/42FBF4FB
0472,6732D8E1,https://tantalize.lk/t/6732D8E1
0473,1B71B8EF,https://tantalize.lk/t/1B71B8EF
0474,1638DA1E,https://tantalize.lk/t/1638DA1E
0475,BFD40A43,https://tantalize.lk/t/BFD40A43
0476,FC28FBEF,https://tantalize.lk/t/FC28FBEF
0477,6FE189FF,https://tantalize.lk/t/6FE189FF
0478,F31ACC95,https://tantalize.lk/t/F31ACC95
0479,82DD8396,https://tantalize.lk/t/82DD8396
0480,2C38BF82,https://tantalize.lk/t/2C38BF82
0481,63C8490D,https://tantalize.lk/t/63C8490D
0482,1580F229,https://tantalize.lk/t/1580F229
0483,970021A6,https://tantalize.lk/t/970021A6
0484,12611CBD,https://tantalize.lk/t/12611CBD
0485,FF4C9DBC,https://tantalize.lk/t/FF4C9DBC
0486,0C8AFC25,https://tantalize.lk/t/0C8AFC25
0487,7C3B05B8,https://tantalize.lk/t/7C3B05B8
0488,7D878687,https://tantalize.lk/t/7D878687
0489,8D5E6BE7,https://tantalize.lk/t/8D5E6BE7
0490,BBB28094,https://tantalize.lk/t/BBB28094
0491,68BC2ABB,https://tantalize.lk/t/68BC2ABB
0492,D8B39E27,https://tantalize.lk/t/D8B39E27
0493,7471929C,https://tantalize.lk/t/7471929C
0494,574239D0,https://tantalize.lk/t/574239D0
0495,3E4900FE,https://tantalize.lk/t/3E4900FE
0496,E88DE8CB,https://tantalize.lk/t/E88DE8CB
0497,D56896D1,https://tantalize.lk/t/D56896D1
0498,C4882151,https://tantalize.lk/t/C4882151
0499,82E8B7A0,https://tantalize.lk/t/82E8B7A0
0500,8D0C5E89,https://tantalize.lk/t/8D0C5E89
0501,3C0166E9,https://tantalize.lk/t/3C0166E9
0502,2C32899D,https://tantalize.lk/t/2C32899D
0503,85D8C86A,https://tantalize.lk/t/85D8C86A
0504,21899C01,https://tantalize.lk/t/21899C01
0505,1A0CF7CF,https://tantalize.lk/t/1A0CF7CF
0506,878C0B1A,https://tantalize.lk/t/878C0B1A
0507,8CC448D4,https://tantalize.lk/t/8CC448D4
0508,355C7077,https://tantalize.lk/t/355C7077
0509,6E491F58,https://tantalize.lk/t/6E491F58
0510,8188E777,https://tantalize.lk/t/8188E777
0511,08E979EE,https://tantalize.lk/t/08E979EE
0512,AF60900E,https://tantalize.lk/t/AF60900E
0513,C45E3B6F,https://tantalize.lk/t/C45E3B6F
0514,23627EE1,https://tantalize.lk/t/23627EE1
0515,C24BA64F,https://tantalize.lk/t/C24BA64F
0516,C50B8A08,https://tantalize.lk/t/C50B8A08
0517,C7826111,https://tantalize.lk/t/C7826111
0518,19B705EB,https://tantalize.lk/t/19B705EB
0519,30F5AAFB,https://tantalize.lk/t/30F5AAFB
0520,C9C98424,https://tantalize.lk/t/C9C98424
0521,6CC930E5,https://tantalize.lk/t/6CC930E5
0522,FB227D36,https://tantalize.lk/t/FB227D36
0523,C5E18C83,https://tantalize.lk/t/C5E18C83
0524,F3832989,https://tantalize.lk/t/F3832989
0525,D031074F,https://tantalize.lk/t/D031074F
0526,5C04563F,https://tantalize.lk/t/5C04563F
0527,11A8A697,https://tantalize.lk/t/11A8A697
0528,953035C3,https://tantalize.lk/t/953035C3
0529,FC4407AC,https://tantalize.lk/t/FC4407AC
0530,64857C41,https://tantalize.lk/t/64857C41
0531,4CF31C66,https://tantalize.lk/t/4CF31C66
0532,2B7DF5A2,https://tantalize.lk/t/2B7DF5A2
0533,EC876E8C,https://tantalize.lk/t/EC876E8C
0534,4202CFA0,https://tantalize.lk/t/4202CFA0
0535,2810A1EF,https://tantalize.lk/t/2810A1EF
0536,7BE83E48,https://tantalize.lk/t/7BE83E48
0537,6E792999,https://tantalize.lk/t/6E792999
0538,8CF4D5F9,https://tantalize.lk/t/8CF4D5F9
0539,1C2B7290,https://tantalize.lk/t/1C2B7290
0540,A9B59582,https://tantalize.lk/t/A9B59582
0541,C35A76F8,https://tantalize.lk/t/C35A76F8
0542,431DC901,https://tantalize.lk/t/431DC901
0543,F4F15E54,https://tantalize.lk/t/F4F15E54
0544,72F8B184,https://tantalize.lk/t/72F8B184
0545,C5F16021,https://tantalize.lk/t/C5F16021
0546,4853112A,https://tantalize.lk/t/4853112A
0547,E31BD902,https://tantalize.lk/t/E31BD902
0548,2A424C05,https://tantalize.lk/t/2A424C05
0549,5ACA8C8B,https://tantalize.lk/t/5ACA8C8B
0550,B6F1A1CE,https://tantalize.lk/t/B6F1A1CE
0551,D3A5A668,https://tantalize.lk/t/D3A5A668
0552,845DBF8A,https://tantalize.lk/t/845DBF8A
0553,CF38CE55,https://tantalize.lk/t/CF38CE55
0554,328EEC2D,https://tantalize.lk/t/328EEC2D
0555,E2C71002,https://tantalize.lk/t/E2C71002
0556,FB41C41A,https://tantalize.lk/t/FB41C41A
0557,83356184,https://tantalize.lk/t/83356184
0558,2D87A02B,https://tantalize.lk/t/2D87A02B
0559,E1BC77EA,https://tantalize.lk/t/E1BC77EA
0560,CA03A2F4,https://tantalize.lk/t/CA03A2F4
0561,CCAD1B5E,https://tantalize.lk/t/CCAD1B5E
0562,AC65ADB4,https://tantalize.lk/t/AC65ADB4
0563,11AC47B4,https://tantalize.lk/t/11AC47B4
0564,51AB777C,https://tantalize.lk/t/51AB777C
0565,FE781642,https://tantalize.lk/t/FE781642
0566,C632EB9D,https://tantalize.lk/t/C632EB9D
0567,BED9DD25,https://tantalize.lk/t/BED9DD25
0568,1D70ADAD,https://tantalize.lk/t/1D70ADAD
0569,7AC741D1,https://tantalize.lk/t/7AC741D1
0570,F58D2E32,https://tantalize.lk/t/F58D2E32
0571,2DEF7205,https://tantalize.lk/t/2DEF7205
0572,2212DB3F,https://tantalize.lk/t/2212DB3F
0573,03238883,https://tantalize.lk/t/03238883
0574,931336A9,https://tantalize.lk/t/931336A9
0575,A1CC8622,https://tantalize.lk/t/A1CC8622
0576,35F8AD1D,https://tantalize.lk/t/35F8AD1D
0577,C8ED99A8,https://tantalize.lk/t/C8ED99A8
0578,ADB499C4,https://tantalize.lk/t/ADB499C4
0579,DBC35D50,https://tantalize.lk/t/DBC35D50
0580,87522118,https://tantalize.lk/t/87522118
0581,4D21F92C,https://tantalize.lk/t/4D21F92C
0582,6F782A46,https://tantalize.lk/t/6F782A46
0583,7385E120,https://tantalize.lk/t/7385E120
0584,7686A21F,https://tantalize.lk/t/7686A21F
0585,8DCC81AB,https://tantalize.lk/t/8DCC81AB
0586,97784C5F,https://tantalize.lk/t/97784C5F
0587,FE5C5770,https://tantalize.lk/t/FE5C5770
0588,5E7557DC,https://tantalize.lk/t/5E7557DC
0589,D0700D01,https://tantalize.lk/t/D0700D01
0590,C39EA29E,https://tantalize.lk/t/C39EA29E
0591,23FC1AF4,https://tantalize.lk/t/23FC1AF4
0592,A69F05CA,https://tantalize.lk/t/A69F05CA
0593,32BFE851,https://tantalize.lk/t/32BFE851
0594,2D45AB7B,https://tantalize.lk/t/2D45AB7B
0595,23FF02F0,https://tantalize.lk/t/23FF02F0
0596,FD054A55,https://tantalize.lk/t/FD054A55
0597,43E23E7B,https://tantalize.lk/t/43E23E7B
0598,88A57FC6,https://tantalize.lk/t/88A57FC6
0599,F695E931,https://tantalize.lk/t/F695E931
0600,D33F4C9B,https://tantalize.lk/t/D33F4C9B
0601,B8BEF527,https://tantalize.lk/t/B8BEF527
0602,B9095F53,https://tantalize.lk/t/B9095F53
0603,71664BCE,https://tantalize.lk/t/71664BCE
0604,18737A4E,https://tantalize.lk/t/18737A4E
0605,092D1532,https://tantalize.lk/t/092D1532
0606,79A08E72,https://tantalize.lk/t/79A08E72
0607,5F188639,https://tantalize.lk/t/5F188639
0608,657D2E2D,https://tantalize.lk/t/657D2E2D
0609,A4DF4B04,https://tantalize.lk/t/A4DF4B04
0610,302405FA,https://tantalize.lk/t/302405FA
0611,D078E3C4,https://tantalize.lk/t/D078E3C4
0612,8892E955,https://tantalize.lk/t/8892E955
0613,12C79975,https://tantalize.lk/t/12C79975
0614,7780E12A,https://tantalize.lk/t/7780E12A
0615,A8C67A8F,https://tantalize.lk/t/A8C67A8F
0616,80C1A719,https://tantalize.lk/t/80C1A719
0617,09278317,https://tantalize.lk/t/09278317
0618,ED5B14F2,https://tantalize.lk/t/ED5B14F2
0619,BE5C5F4E,https://tantalize.lk/t/BE5C5F4E
0620,43F8AB7E,https://tantalize.lk/t/43F8AB7E
0621,E16465B4,https://tantalize.lk/t/E16465B4
0622,F2DD5210,https://tantalize.lk/t/F2DD5210
0623,A60C9033,https://tantalize.lk/t/A60C9033
0624,BDC0A7A0,https://tantalize.lk/t/BDC0A7A0
0625,67C5E5C0,https://tantalize.lk/t/67C5E5C0
0626,85CA63FF,https://tantalize.lk/t/85CA63FF
0627,4DA2712D,https://tantalize.lk/t/4DA2712D
0628,4DBBA58C,https://tantalize.lk/t/4DBBA58C
0629,2E0B4195,https://tantalize.lk/t/2E0B4195
0630,B20CFCCC,https://tantalize.lk/t/B20CFCCC
0631,BA85CF23,https://tantalize.lk/t/BA85CF23
0632,4E404F91,https://tantalize.lk/t/4E404F91
0633,F174B4C6,https://tantalize.lk/t/F174B4C6
0634,719C963A,https://tantalize.lk/t/719C963A
0635,80047F2B,https://tantalize.lk/t/80047F2B
0636,FD2B53C0,https://tantalize.lk/t/FD2B53C0
0637,574EF17D,https://tantalize.lk/t/574EF17D
0638,AD6AFC43,https://tantalize.lk/t/AD6AFC43
0639,A6F39A5D,https://tantalize.lk/t/A6F39A5D
0640,2C092BC4,https://tantalize.lk/t/2C092BC4
0641,8154BF90,https://tantalize.lk/t/8154BF90
0642,FE17C12F,https://tantalize.lk/t/FE17C12F
0643,8E6A7B8B,https://tantalize.lk/t/8E6A7B8B
0644,047C485C,https://tantalize.lk/t/047C485C
0645,C4B49D34,https://tantalize.lk/t/C4B49D34
0646,24F4B46D,https://tantalize.lk/t/24F4B46D
0647,0CDEBDBC,https://tantalize.lk/t/0CDEBDBC
0648,2AE04765,https://tantalize.lk/t/2AE04765
0649,BE3957A7,https://tantalize.lk/t/BE3957A7
0650,B762375A,https://tantalize.lk/t/B762375A
0651,AA6C3FB9,https://tantalize.lk/t/AA6C3FB9
0652,6582921A,https://tantalize.lk/t/6582921A
0653,7A180BDC,https://tantalize.lk/t/7A180BDC
0654,84D6E511,https://tantalize.lk/t/84D6E511
0655,4726D5D9,https://tantalize.lk/t/4726D5D9
0656,E8269F5F,https://tantalize.lk/t/E8269F5F
0657,B9592493,https://tantalize.lk/t/B9592493
0658,6CFD5928,https://tantalize.lk/t/6CFD5928
0659,D5299646,https://tantalize.lk/t/D5299646
0660,42CE999A,https://tantalize.lk/t/42CE999A
0661,0C195147,https://tantalize.lk/t/0C195147
0662,FBD39C83,https://tantalize.lk/t/FBD39C83
0663,E18EB9F9,https://tantalize.lk/t/E18EB9F9
0664,47A6CF3F,https://tantalize.lk/t/47A6CF3F
0665,2E40AA6C,https://tantalize.lk/t/2E40AA6C
0666,FFBDE994,https://tantalize.lk/t/FFBDE994
0667,17BC27E4,https://tantalize.lk/t/17BC27E4
0668,1D068CF6,https://tantalize.lk/t/1D068CF6
0669,E1E140D6,https://tantalize.lk/t/E1E140D6
0670,E6884E44,https://tantalize.lk/t/E6884E44
0671,92208A9D,https://tantalize.lk/t/92208A9D
0672,AF7A6F6A,https://tantalize.lk/t/AF7A6F6A
0673,A43D24AB,https://tantalize.lk/t/A43D24AB
0674,458D9B0E,https://tantalize.lk/t/458D9B0E
0675,8B46331E,https://tantalize.lk/t/8B46331E
0676,A82809ED,https://tantalize.lk/t/A82809ED
0677,E4E09687,https://tantalize.lk/t/E4E09687
0678,B7D863A3,https://tantalize.lk/t/B7D863A3
0679,1263E2AA,https://tantalize.lk/t/1263E2AA
0680,6191F758,https://tantalize.lk/t/6191F758
0681,D9CB3B9F,https://tantalize.lk/t/D9CB3B9F
0682,6851850C,https://tantalize.lk/t/6851850C
0683,8D526521,https://tantalize.lk/t/8D526521
0684,E87B61C3,https://tantalize.lk/t/E87B61C3
0685,39D3E65D,https://tantalize.lk/t/39D3E65D
0686,D7BDD5C8,https://tantalize.lk/t/D7BDD5C8
0687,C2A58581,https://tantalize.lk/t/C2A58581
0688,8C9165C1,https://tantalize.lk/t/8C9165C1
0689,E39B827D,https://tantalize.lk/t/E39B827D
0690,73DBAD98,https://tantalize.lk/t/73DBAD98
0691,615260A1,https://tantalize.lk/t/615260A1
0692,80949530,https://tantalize.lk/t/80949530
0693,C43C5153,https://tantalize.lk/t/C43C5153
0694,99987A1A,https://tantalize.lk/t/99987A1A
0695,492E0806,https://tantalize.lk/t/492E0806
0696,667C0E8E,https://tantalize.lk/t/667C0E8E
0697,A005E1A1,https://tantalize.lk/t/A005E1A1
0698,B1652842,https://tantalize.lk/t/B1652842
0699,60A86BCF,https://tantalize.lk/t/60A86BCF
0700,AF37C67E,https://tantalize.lk/t/AF37C67E
0701,44F21555,https://tantalize.lk/t/44F21555
0702,982EDAF2,https://tantalize.lk/t/982EDAF2
0703,5693BB9B,https://tantalize.lk/t/5693BB9B
0704,428778F1,https://tantalize.lk/t/428778F1
0705,24E40885,https://tantalize.lk/t/24E40885
0706,B4CBFFD1,https://tantalize.lk/t/B4CBFFD1
0707,7665F2C9,https://tantalize.lk/t/7665F2C9
0708,B1ECFDF3,https://tantalize.lk/t/B1ECFDF3
0709,6202FF8F,https://tantalize.lk/t/6202FF8F
0710,021E47B6,https://tantalize.lk/t/021E47B6
0711,907CC7F3,https://tantalize.lk/t/907CC7F3
0712,32E5BD22,https://tantalize.lk/t/32E5BD22
0713,4ACC5112,https://tantalize.lk/t/4ACC5112
0714,D9B7209D,https://tantalize.lk/t/D9B7209D
0715,C41FB5A5,https://tantalize.lk/t/C41FB5A5
0716,90A59BD8,https://tantalize.lk/t/90A59BD8
0717,65510DB4,https://tantalize.lk/t/65510DB4
0718,AED5005F,https://tantalize.lk/t/AED5005F
0719,601F09EE,https://tantalize.lk/t/601F09EE
0720,48E99D78,https://tantalize.lk/t/48E99D78
0721,7884B969,https://tantalize.lk/t/7884B969
0722,90E02177,https://tantalize.lk/t/90E02177
0723,8DAF990A,https://tantalize.lk/t/8DAF990A
0724,1F08774B,https://tantalize.lk/t/1F08774B
0725,1BEA1327,https://tantalize.lk/t/1BEA1327
0726,A3F0532F,https://tantalize.lk/t/A3F0532F
0727,E07F9057,https://tantalize.lk/t/E07F9057
0728,D4A10FAF,https://tantalize.lk/t/D4A10FAF
0729,28BF3626,https://tantalize.lk/t/28BF3626
0730,2B0AA86B,https://tantalize.lk/t/2B0AA86B
0731,8BAA6252,https://tantalize.lk/t/8BAA6252
0732,6ECA8377,https://tantalize.lk/t/6ECA8377
0733,4DC89CAB,https://tantalize.lk/t/4DC89CAB
0734,402C2BD1,https://tantalize.lk/t/402C2BD1
0735,16947643,https://tantalize.lk/t/16947643
0736,F77C7920,https://tantalize.lk/t/F77C7920
0737,19EF7DBF,https://tantalize.lk/t/19EF7DBF
0738,2BF7E210,https://tantalize.lk/t/2BF7E210
0739,99A2F08E,https://tantalize.lk/t/99A2F08E
0740,8F60643B,https://tantalize.lk/t/8F60643B
0741,70C6D63D,https://tantalize.lk/t/70C6D63D
0742,1EE87AFB,https://tantalize.lk/t/1EE87AFB
0743,0BF899C3,https://tantalize.lk/t/0BF899C3
0744,8268160B,https://tantalize.lk/t/8268160B
0745,A9AE29D1,https://tantalize.lk/t/A9AE29D1
0746,FB2657D4,https://tantalize.lk/t/FB2657D4
0747,89DF7593,https://tantalize.lk/t/89DF7593
0748,498AFBB1,https://tantalize.lk/t/498AFBB1
0749,35CBC069,https://tantalize.lk/t/35CBC069
0750,EE7D1E9B,https://tantalize.lk/t/EE7D1E9B
0751,28BD86EB,https://tantalize.lk/t/28BD86EB
0752,80F7D257,https://tantalize.lk/t/80F7D257
0753,F3DC5B62,https://tantalize.lk/t/F3DC5B62
0754,F52189E6,https://tantalize.lk/t/F52189E6
0755,3CC9584A,https://tantalize.lk/t/3CC9584A
0756,A57DB87F,https://tantalize.lk/t/A57DB87F
0757,F381655C,https://tantalize.lk/t/F381655C
0758,BD4F8C71,https://tantalize.lk/t/BD4F8C71
0759,40EE8B74,https://tantalize.lk/t/40EE8B74
0760,1F85A5F9,https://tantalize.lk/t/1F85A5F9
0761,A30DE992,https://tantalize.lk/t/A30DE992
0762,6B30B00D,https://tantalize.lk/t/6B30B00D
0763,943A217E,https://tantalize.lk/t/943A217E
0764,2860DDBE,https://tantalize.lk/t/2860DDBE
0765,79F67E39,https://tantalize.lk/t/79F67E39
0766,9A50E19B,https://tantalize.lk/t/9A50E19B
0767,04A39DB4,https://tantalize.lk/t/04A39DB4
0768,7ACB723D,https://tantalize.lk/t/7ACB723D
0769,29788F33,https://tantalize.lk/t/29788F33
0770,76EA808F,https://tantalize.lk/t/76EA808F
0771,F3DDC37C,https://tantalize.lk/t/F3DDC37C
0772,E23899E9,https://tantalize.lk/t/E23899E9
0773,D98E7F85,https://tantalize.lk/t/D98E7F85
0774,0C46710D,https://tantalize.lk/t/0C46710D
0775,C78FC196,https://tantalize.lk/t/C78FC196
0776,674E5EEE,https://tantalize.lk/t/674E5EEE
0777,741D41A9,https://tantalize.lk/t/741D41A9
0778,61295132,https://tantalize.lk/t/61295132
0779,712D3066,https://tantalize.lk/t/712D3066
0780,BDBE93B8,https://tantalize.lk/t/BDBE93B8
0781,491DFC14,https://tantalize.lk/t/491DFC14
0782,90E25873,https://tantalize.lk/t/90E25873
0783,A845BBA8,https://tantalize.lk/t/A845BBA8
0784,36F092CD,https://tantalize.lk/t/36F092CD
0785,7AB7F109,https://tantalize.lk/t/7AB7F109
0786,B5E894E0,https://tantalize.lk/t/B5E894E0
0787,45A0B689,https://tantalize.lk/t/45A0B689
0788,F08FBA28,https://tantalize.lk/t/F08FBA28
0789,DEA501D2,https://tantalize.lk/t/DEA501D2
0790,C65993E9,https://tantalize.lk/t/C65993E9
0791,41CC5AC9,https://tantalize.lk/t/41CC5AC9
0792,A19307C6,https://tantalize.lk/t/A19307C6
0793,8F7CA03F,https://tantalize.lk/t/8F7CA03F
0794,2C24372A,https://tantalize.lk/t/2C24372A
0795,29AA3563,https://tantalize.lk/t/29AA3563
0796,29B15029,https://tantalize.lk/t/29B15029
0797,24BC06B0,https://tantalize.lk/t/24BC06B0
0798,F1DA32DA,https://tantalize.lk/t/F1DA32DA
0799,1D884DD4,https://tantalize.lk/t/1D884DD4
0800,8840389E,https://tantalize.lk/t/8840389E
0801,541DE4B0,https://tantalize.lk/t/541DE4B0
0802,C679C6B8,https://tantalize.lk/t/C679C6B8
0803,ED7A0941,https://tantalize.lk/t/ED7A0941
0804,6D3145C1,https://tantalize.lk/t/6D3145C1
0805,42A65FB4,https://tantalize.lk/t/42A65FB4
0806,14311EDB,https://tantalize.lk/t/14311EDB
0807,C0CC68C2,https://tantalize.lk/t/C0CC68C2
0808,2F7F48D1,https://tantalize.lk/t/2F7F48D1
0809,D6D6D794,https://tantalize.lk/t/D6D6D794
0810,6B30EE93,https://tantalize.lk/t/6B30EE93
0811,F58D7AD3,https://tantalize.lk/t/F58D7AD3
0812,F3D8059E,https://tantalize.lk/t/F3D8059E
0813,11499BDB,https://tantalize.lk/t/11499BDB
0814,60C6833A,https://tantalize.lk/t/60C6833A
0815,60CB020E,https://tantalize.lk/t/60CB020E
0816,DFA3933A,https://tantalize.lk/t/DFA3933A
0817,FEEC0511,https://tantalize.lk/t/FEEC0511
0818,BFDCEAD2,https://tantalize.lk/t/BFDCEAD2
0819,93EA9EC3,https://tantalize.lk/t/93EA9EC3
0820,5A8A68D6,https://tantalize.lk/t/5A8A68D6
0821,34E39E79,https://tantalize.lk/t/34E39E79
0822,7D3E2305,https://tantalize.lk/t/7D3E2305
0823,0C52C07D,https://tantalize.lk/t/0C52C07D
0824,CA9CA025,https://tantalize.lk/t/CA9CA025
0825,A267B15E,https://tantalize.lk/t/A267B15E
0826,9ADFEB98,https://tantalize.lk/t/9ADFEB98
0827,707D863D,https://tantalize.lk/t/707D863D
0828,AD76733B,https://tantalize.lk/t/AD76733B
0829,9C3BA8E9,https://tantalize.lk/t/9C3BA8E9
0830,CDF948CA,https://tantalize.lk/t/CDF948CA
0831,64101E36,https://tantalize.lk/t/64101E36
0832,0C69B8CF,https://tantalize.lk/t/0C69B8CF
0833,3F9ECE78,https://tantalize.lk/t/3F9ECE78
0834,BB5D40F3,https://tantalize.lk/t/BB5D40F3
0835,64E5A263,https://tantalize.lk/t/64E5A263
0836,B0AB463C,https://tantalize.lk/t/B0AB463C
0837,31C24717,https://tantalize.lk/t/31C24717
0838,4C02A9D7,https://tantalize.lk/t/4C02A9D7
0839,DC78E0DE,https://tantalize.lk/t/DC78E0DE
0840,13EB3832,https://tantalize.lk/t/13EB3832
0841,CCBF7DD9,https://tantalize.lk/t/CCBF7DD9
0842,EAFEBB7B,https://tantalize.lk/t/EAFEBB7B
0843,E865ED13,https://tantalize.lk/t/E865ED13
0844,4226FA01,https://tantalize.lk/t/4226FA01
0845,E3A35777,https://tantalize.lk/t/E3A35777
0846,C51685D4,https://tantalize.lk/t/C51685D4
0847,B7CC04F7,https://tantalize.lk/t/B7CC04F7
0848,DA2398AA,https://tantalize.lk/t/DA2398AA
0849,EB368C71,https://tantalize.lk/t/EB368C71
0850,C6F27E93,https://tantalize.lk/t/C6F27E93
0851,C0B150B9,https://tantalize.lk/t/C0B150B9
0852,C8065FFB,https://tantalize.lk/t/C8065FFB
0853,E7DF21A9,https://tantalize.lk/t/E7DF21A9
0854,26F7CA62,https://tantalize.lk/t/26F7CA62
0855,070E5640,https://tantalize.lk/t/070E5640
0856,20F661AD,https://tantalize.lk/t/20F661AD
0857,B0781074,https://tantalize.lk/t/B0781074
0858,C9011898,https://tantalize.lk/t/C9011898
0859,678CA658,https://tantalize.lk/t/678CA658
0860,5577770D,https://tantalize.lk/t/5577770D
0861,E0A1F65F,https://tantalize.lk/t/E0A1F65F
0862,882D5067,https://tantalize.lk/t/882D5067
0863,B8978203,https://tantalize.lk/t/B8978203
0864,02472EBC,https://tantalize.lk/t/02472EBC
0865,52B7AB19,https://tantalize.lk/t/52B7AB19
0866,D0924253,https://tantalize.lk/t/D0924253
0867,F226C30C,https://tantalize.lk/t/F226C30C
0868,72FC6FAF,https://tantalize.lk/t/72FC6FAF
0869,C1274BE3,https://tantalize.lk/t/C1274BE3
0870,0FA1DD45,https://tantalize.lk/t/0FA1DD45
0871,61636863,https://tantalize.lk/t/61636863
0872,25F0E14C,https://tantalize.lk/t/25F0E14C
0873,59FE8A98,https://tantalize.lk/t/59FE8A98
0874,466E1481,https://tantalize.lk/t/466E1481
0875,9B92A0FC,https://tantalize.lk/t/9B92A0FC
0876,428C48F4,https://tantalize.lk/t/428C48F4
0877,B41FFC00,https://tantalize.lk/t/B41FFC00
0878,008723FD,https://tantalize.lk/t/008723FD
0879,FEA80D89,https://tantalize.lk/t/FEA80D89
0880,14324532,https://tantalize.lk/t/14324532
0881,4CB5BDB7,https://tantalize.lk/t/4CB5BDB7
0882,D7AE938C,https://tantalize.lk/t/D7AE938C
0883,12303E9C,https://tantalize.lk/t/12303E9C
0884,58B66643,https://tantalize.lk/t/58B66643
0885,2363A8DF,https://tantalize.lk/t/2363A8DF
0886,F0BA56E9,https://tantalize.lk/t/F0BA56E9
0887,6903D25A,https://tantalize.lk/t/6903D25A
0888,3A9DAEC0,https://tantalize.lk/t/3A9DAEC0
0889,07684458,https://tantalize.lk/t/07684458
0890,3562147F,https://tantalize.lk/t/3562147F
0891,AF8D7DAB,https://tantalize.lk/t/AF8D7DAB
0892,45404DC2,https://tantalize.lk/t/45404DC2
0893,DF27170A,https://tantalize.lk/t/DF27170A
0894,02BE5591,https://tantalize.lk/t/02BE5591
0895,344A02E7,https://tantalize.lk/t/344A02E7
0896,EA0229A6,https://tantalize.lk/t/EA0229A6
0897,6FEBE1A2,https://tantalize.lk/t/6FEBE1A2
0898,10A15A20,https://tantalize.lk/t/10A15A20
0899,DED0338B,https://tantalize.lk/t/DED0338B
0900,F76AC0AB,https://tantalize.lk/t/F76AC0AB
0901,34204D89,https://tantalize.lk/t/34204D89
0902,5237158A,https://tantalize.lk/t/5237158A
0903,ACE88BD0,https://tantalize.lk/t/ACE88BD0
0904,E62F5CE6,https://tantalize.lk/t/E62F5CE6
0905,EBF62409,https://tantalize.lk/t/EBF62409
0906,697F6390,https://tantalize.lk/t/697F6390
0907,F602A066,https://tantalize.lk/t/F602A066
0908,82E34EAE,https://tantalize.lk/t/82E34EAE
0909,A5E5E3D7,https://tantalize.lk/t/A5E5E3D7
0910,C03EDF00,https://tantalize.lk/t/C03EDF00
0911,F12AD462,https://tantalize.lk/t/F12AD462
0912,78727026,https://tantalize.lk/t/78727026
0913,6B5EB643,https://tantalize.lk/t/6B5EB643
0914,832F74F9,https://tantalize.lk/t/832F74F9
0915,A373E044,https://tantalize.lk/t/A373E044
0916,FF15BE6C,https://tantalize.lk/t/FF15BE6C
0917,69AEEDCD,https://tantalize.lk/t/69AEEDCD
0918,452532A0,https://tantalize.lk/t/452532A0
0919,01CF6DB5,https://tantalize.lk/t/01CF6DB5
0920,D43E23CB,https://tantalize.lk/t/D43E23CB
0921,E4AC35BD,https://tantalize.lk/t/E4AC35BD
0922,2A828754,https://tantalize.lk/t/2A828754
0923,38464DAA,https://tantalize.lk/t/38464DAA
0924,82B1B0A9,https://tantalize.lk/t/82B1B0A9
0925,5B9C44C7,https://tantalize.lk/t/5B9C44C7
0926,2B1213A0,https://tantalize.lk/t/2B1213A0
0927,F20F73DA,https://tantalize.lk/t/F20F73DA
0928,B92FB3D6,https://tantalize.lk/t/B92FB3D6
0929,A2042A49,https://tantalize.lk/t/A2042A49
0930,D83DC48A,https://tantalize.lk/t/D83DC48A
0931,7897C808,https://tantalize.lk/t/7897C808
0932,3A4F8C4C,https://tantalize.lk/t/3A4F8C4C
0933,0EDBDA04,https://tantalize.lk/t/0EDBDA04
0934,BF9DAD05,https://tantalize.lk/t/BF9DAD05
0935,33855510,https://tantalize.lk/t/33855510
0936,8C64259E,https://tantalize.lk/t/8C64259E
0937,03A8130B,https://tantalize.lk/t/03A8130B
0938,71DCFE4E,https://tantalize.lk/t/71DCFE4E
0939,2D72F747,https://tantalize.lk/t/2D72F747
0940,C769C6FB,https://tantalize.lk/t/C769C6FB
0941,386B7809,https://tantalize.lk/t/386B7809
0942,50EE3933,https://tantalize.lk/t/50EE3933
0943,3950D125,https://tantalize.lk/t/3950D125
0944,13DE1FA9,https://tantalize.lk/t/13DE1FA9
0945,D8170B62,https://tantalize.lk/t/D8170B62
0946,C1463834,https://tantalize.lk/t/C1463834
0947,BC871F8F,https://tantalize.lk/t/BC871F8F
0948,96B3B378,https://tantalize.lk/t/96B3B378
0949,9B549E87,https://tantalize.lk/t/9B549E87
0950,7A7BCFCA,https://tantalize.lk/t/7A7BCFCA
0951,C08535F8,https://tantalize.lk/t/C08535F8
0952,3AEABD81,https://tantalize.lk/t/3AEABD81
0953,08AF3ACC,https://tantalize.lk/t/08AF3ACC
0954,097B6D8D,https://tantalize.lk/t/097B6D8D
0955,49AA20ED,https://tantalize.lk/t/49AA20ED
0956,C24D7D68,https://tantalize.lk/t/C24D7D68
0957,18EE2145,https://tantalize.lk/t/18EE2145
0958,CDA81275,https://tantalize.lk/t/CDA81275
0959,472F002F,https://tantalize.lk/t/472F002F
0960,B61BEEA3,https://tantalize.lk/t/B61BEEA3
0961,5D8ED1D2,https://tantalize.lk/t/5D8ED1D2
0962,4BB67CF1,https://tantalize.lk/t/4BB67CF1
0963,18B73EE2,https://tantalize.lk/t/18B73EE2
0964,FD3B6CAC,https://tantalize.lk/t/FD3B6CAC
0965,1A5F489A,https://tantalize.lk/t/1A5F489A
0966,E0002976,https://tantalize.lk/t/E0002976
0967,B22D6032,https://tantalize.lk/t/B22D6032
0968,D54BA259,https://tantalize.lk/t/D54BA259
0969,089D846B,https://tantalize.lk/t/089D846B
0970,508C6030,https://tantalize.lk/t/508C6030
0971,5F5F0370,https://tantalize.lk/t/5F5F0370
0972,D812F197,https://tantalize.lk/t/D812F197
0973,63C34971,https://tantalize.lk/t/63C34971
0974,87D8FDFF,https://tantalize.lk/t/87D8FDFF
0975,E476C5CF,https://tantalize.lk/t/E476C5CF
0976,9E8576D6,https://tantalize.lk/t/9E8576D6
0977,30D93CE7,https://tantalize.lk/t/30D93CE7
0978,DB533D0D,https://tantalize.lk/t/DB533D0D
0979,7E98D127,https://tantalize.lk/t/7E98D127
0980,0F04719E,https://tantalize.lk/t/0F04719E
0981,1D24B291,https://tantalize.lk/t/1D24B291
0982,C52C8E2B,https://tantalize.lk/t/C52C8E2B
0983,A99AE1A7,https://tantalize.lk/t/A99AE1A7
0984,A802FB92,https://tantalize.lk/t/A802FB92
0985,610F4DF1,https://tantalize.lk/t/610F4DF1
0986,BF5EB39A,https://tantalize.lk/t/BF5EB39A
0987,ACF38951,https://tantalize.lk/t/ACF38951
0988,46AAF6AB,https://tantalize.lk/t/46AAF6AB
0989,F6BD435E,https://tantalize.lk/t/F6BD435E
0990,53D3AF35,https://tantalize.lk/t/53D3AF35
0991,EC49D848,https://tantalize.lk/t/EC49D848
0992,55FA0FC9,https://tantalize.lk/t/55FA0FC9
0993,AA2860BD,https://tantalize.lk/t/AA2860BD
0994,D0604737,https://tantalize.lk/t/D0604737
0995,3559D3B3,https://tantalize.lk/t/3559D3B3
0996,05BE06E7,https://tantalize.lk/t/05BE06E7
0997,91602849,https://tantalize.lk/t/91602849
0998,0DA2EECA,https://tantalize.lk/t/0DA2EECA
0999,31933390,https://tantalize.lk/t/31933390
1000,84020722,https://tantalize.lk/t/84020722
1001,C5596C45,https://tantalize.lk/t/C5596C45
1002,7A62614D,https://tantalize.lk/t/7A62614D
1003,3F8AEF14,https://tantalize.lk/t/3F8AEF14
1004,C9AEB874,https://tantalize.lk/t/C9AEB874
1005,F7574997,https://tantalize.lk/t/F7574997
1006,865972CF,https://tantalize.lk/t/865972CF
1007,47FCCF6C,https://tantalize.lk/t/47FCCF6C
1008,0E54A8B2,https://tantalize.lk/t/0E54A8B2
1009,5D201AD1,https://tantalize.lk/t/5D201AD1
1010,F120F844,https://tantalize.lk/t/F120F844
1011,43E04653,https://tantalize.lk/t/43E04653
1012,C1688A19,https://tantalize.lk/t/C1688A19
1013,18ADAD84,https://tantalize.lk/t/18ADAD84
1014,8341C842,https://tantalize.lk/t/8341C842
1015,0D610A92,https://tantalize.lk/t/0D610A92
1016,A78CDC9A,https://tantalize.lk/t/A78CDC9A
1017,D31D4844,https://tantalize.lk/t/D31D4844
1018,518BF960,https://tantalize.lk/t/518BF960
1019,2AF97490,https://tantalize.lk/t/2AF97490
1020,4A8ACB71,https://tantalize.lk/t/4A8ACB71
1021,C33FA658,https://tantalize.lk/t/C33FA658
1022,28EF4A15,https://tantalize.lk/t/28EF4A15
1023,20F05433,https://tantalize.lk/t/20F05433
1024,A8B056C3,https://tantalize.lk/t/A8B056C3
1025,E05539E3,https://tantalize.lk/t/E05539E3
1026,9CBFEC3D,https://tantalize.lk/t/9CBFEC3D
1027,1C4B8EA4,https://tantalize.lk/t/1C4B8EA4
1028,247B77BF,https://tantalize.lk/t/247B77BF
1029,C8B69CA9,https://tantalize.lk/t/C8B69CA9
1030,6E48F22E,https://tantalize.lk/t/6E48F22E
1031,5AF2C2E0,https://tantalize.lk/t/5AF2C2E0
1032,A30AC7DA,https://tantalize.lk/t/A30AC7DA
1033,D8F251ED,https://tantalize.lk/t/D8F251ED
1034,26C7AE9A,https://tantalize.lk/t/26C7AE9A
1035,47DB85DE,https://tantalize.lk/t/47DB85DE
1036,ACDD623C,https://tantalize.lk/t/ACDD623C
1037,E06010E8,https://tantalize.lk/t/E06010E8
1038,815FA52C,https://tantalize.lk/t/815FA52C
1039,911F62A2,https://tantalize.lk/t/911F62A2
1040,4BBA068C,https://tantalize.lk/t/4BBA068C
1041,A870962D,https://tantalize.lk/t/A870962D
1042,3B90B70E,https://tantalize.lk/t/3B90B70E
1043,E1C6CF7B,https://tantalize.lk/t/E1C6CF7B
1044,10B444B2,https://tantalize.lk/t/10B444B2
1045,4CFA2A1C,https://tantalize.lk/t/4CFA2A1C
1046,3A17D44B,https://tantalize.lk/t/3A17D44B
1047,3E51016A,https://tantalize.lk/t/3E51016A
1048,866D4FC4,https://tantalize.lk/t/866D4FC4
1049,D5412914,https://tantalize.lk/t/D5412914
1050,3F81FB78,https://tantalize.lk/t/3F81FB78
1051,D804D410,https://tantalize.lk/t/D804D410
1052,7A1BF52D,https://tantalize.lk/t/7A1BF52D
1053,14F2CB68,https://tantalize.lk/t/14F2CB68
1054,E7A529B3,https://tantalize.lk/t/E7A529B3
1055,295B1714,https://tantalize.lk/t/295B1714
1056,B7ED0DBD,https://tantalize.lk/t/B7ED0DBD
1057,8257CAA4,https://tantalize.lk/t/8257CAA4
1058,BC83DBB4,https://tantalize.lk/t/BC83DBB4
1059,812FB9AD,https://tantalize.lk/t/812FB9AD
1060,6DE7F326,https://tantalize.lk/t/6DE7F326
1061,61C48DBF,https://tantalize.lk/t/61C48DBF
1062,E6504B57,https://tantalize.lk/t/E6504B57
1063,949036FC,https://tantalize.lk/t/949036FC
1064,1DDB9A48,https://tantalize.lk/t/1DDB9A48
1065,51E69BC8,https://tantalize.lk/t/51E69BC8
1066,9308AC95,https://tantalize.lk/t/9308AC95
1067,E52FB63F,https://tantalize.lk/t/E52FB63F
1068,4C2FB068,https://tantalize.lk/t/4C2FB068
1069,DE0972C9,https://tantalize.lk/t/DE0972C9
1070,4EC57AC7,https://tantalize.lk/t/4EC57AC7
1071,B07B5E68,https://tantalize.lk/t/B07B5E68
1072,5898C96B,https://tantalize.lk/t/5898C96B
1073,59340F05,https://tantalize.lk/t/59340F05
1074,8762030B,https://tantalize.lk/t/8762030B
1075,919D75F3,https://tantalize.lk/t/919D75F3
1076,6CC61483,https://tantalize.lk/t/6CC61483
1077,22A5135C,https://tantalize.lk/t/22A5135C
1078,D58CF204,https://tantalize.lk/t/D58CF204
1079,15C53E5E,https://tantalize.lk/t/15C53E5E
1080,91E11BE2,https://tantalize.lk/t/91E11BE2
1081,B96B642B,https://tantalize.lk/t/B96B642B
1082,08B77C87,https://tantalize.lk/t/08B77C87
1083,023595B7,https://tantalize.lk/t/023595B7
1084,EB4055C1,https://tantalize.lk/t/EB4055C1
1085,55EBAFAE,https://tantalize.lk/t/55EBAFAE
1086,DDF665E4,https://tantalize.lk/t/DDF665E4
1087,C6088BD7,https://tantalize.lk/t/C6088BD7
1088,4762E1B0,https://tantalize.lk/t/4762E1B0
1089,123621DE,https://tantalize.lk/t/123621DE
1090,368E573F,https://tantalize.lk/t/368E573F
1091,1B953743,https://tantalize.lk/t/1B953743
1092,A9765060,https://tantalize.lk/t/A9765060
1093,712A1C58,https://tantalize.lk/t/712A1C58
1094,8BD1DCDE,https://tantalize.lk/t/8BD1DCDE
1095,89FAE15E,https://tantalize.lk/t/89FAE15E
1096,62309D2B,https://tantalize.lk/t/62309D2B
1097,A1DD5B6B,https://tantalize.lk/t/A1DD5B6B
1098,DC7AC7A2,https://tantalize.lk/t/DC7AC7A2
1099,21F674C8,https://tantalize.lk/t/21F674C8
1100,4C39F033,https://tantalize.lk/t/4C39F033
1101,2FEF98DB,https://tantalize.lk/t/2FEF98DB
1102,274F13EB,https://tantalize.lk/t/274F13EB
1103,94034F93,https://tantalize.lk/t/94034F93
1104,53282844,https://tantalize.lk/t/53282844
1105,3FF5F1FE,https://tantalize.lk/t/3FF5F1FE
1106,890FAA3F,https://tantalize.lk/t/890FAA3F
1107,DEEAA57F,https://tantalize.lk/t/DEEAA57F
1108,E6C78487,https://tantalize.lk/t/E6C78487
1109,A7B1F09C,https://tantalize.lk/t/A7B1F09C
1110,4BB45A10,https://tantalize.lk/t/4BB45A10
1111,11202271,https://tantalize.lk/t/11202271
1112,6BA651C4,https://tantalize.lk/t/6BA651C4
1113,6DB109F7,https://tantalize.lk/t/6DB109F7
1114,D9F86948,https://tantalize.lk/t/D9F86948
1115,5C528E65,https://tantalize.lk/t/5C528E65
1116,8EB881CE,https://tantalize.lk/t/8EB881CE
1117,B09A1D19,https://tantalize.lk/t/B09A1D19
1118,85FE43D3,https://tantalize.lk/t/85FE43D3
1119,2843538A,https://tantalize.lk/t/2843538A
1120,F49C7CB1,https://tantalize.lk/t/F49C7CB1
1121,B285D2C6,https://tantalize.lk/t/B285D2C6
1122,661F3D4A,https://tantalize.lk/t/661F3D4A
1123,D28F82DD,https://tantalize.lk/t/D28F82DD
1124,7FDEEF47,https://tantalize.lk/t/7FDEEF47
1125,5E6484B4,https://tantalize.lk/t/5E6484B4
1126,88D5F6D0,https://tantalize.lk/t/88D5F6D0
1127,067EE6F3,https://tantalize.lk/t/067EE6F3
1128,395A3FA6,https://tantalize.lk/t/395A3FA6
1129,3E7D4F35,https://tantalize.lk/t/3E7D4F35
1130,E0C5155E,https://tantalize.lk/t/E0C5155E
1131,4A1B3C2D,https://tantalize.lk/t/4A1B3C2D
1132,BD8328B7,https://tantalize.lk/t/BD8328B7
1133,34FE01A8,https://tantalize.lk/t/34FE01A8
1134,C4B1274E,https://tantalize.lk/t/C4B1274E
1135,BFCDF761,https://tantalize.lk/t/BFCDF761
1136,F3FC5A21,https://tantalize.lk/t/F3FC5A21
1137,1A948E0F,https://tantalize.lk/t/1A948E0F
1138,6F12B0A3,https://tantalize.lk/t/6F12B0A3
1139,33BF6953,https://tantalize.lk/t/33BF6953
1140,891F8E68,https://tantalize.lk/t/891F8E68
1141,F7859FE5,https://tantalize.lk/t/F7859FE5
1142,03BAD0B2,https://tantalize.lk/t/03BAD0B2
1143,816D42E6,https://tantalize.lk/t/816D42E6
1144,D3E0C6E1,https://tantalize.lk/t/D3E0C6E1
1145,EC632853,https://tantalize.lk/t/EC632853
1146,5EDF9540,https://tantalize.lk/t/5EDF9540
1147,9911AA2A,https://tantalize.lk/t/9911AA2A
1148,895C85B0,https://tantalize.lk/t/895C85B0
1149,2718C2CF,https://tantalize.lk/t/2718C2CF
1150,1DC95CC6,https://tantalize.lk/t/1DC95CC6
1151,64958F8C,https://tantalize.lk/t/64958F8C
1152,EA84576B,https://tantalize.lk/t/EA84576B
1153,A51D272E,https://tantalize.lk/t/A51D272E
1154,CAEBA160,https://tantalize.lk/t/CAEBA160
1155,BA566BBB,https://tantalize.lk/t/BA566BBB
1156,AE5FA5F4,https://tantalize.lk/t/AE5FA5F4
1157,9CF8FD75,https://tantalize.lk/t/9CF8FD75
1158,11066C47,https://tantalize.lk/t/11066C47
1159,91F42127,https://tantalize.lk/t/91F42127
1160,5F995CDF,https://tantalize.lk/t/5F995CDF
1161,FAAB97A4,https://tantalize.lk/t/FAAB97A4
1162,2F293D21,https://tantalize.lk/t/2F293D21
1163,D63E1251,https://tantalize.lk/t/D63E1251
1164,FA5F41E2,https://tantalize.lk/t/FA5F41E2
1165,27700B9F,https://tantalize.lk/t/27700B9F
1166,D6C6E3FE,https://tantalize.lk/t/D6C6E3FE
1167,1D36CAA6,https://tantalize.lk/t/1D36CAA6
1168,0FD76453,https://tantalize.lk/t/0FD76453
1169,90A53AD6,https://tantalize.lk/t/90A53AD6
1170,9AD9BA89,https://tantalize.lk/t/9AD9BA89
1171,E3A6C2AE,https://tantalize.lk/t/E3A6C2AE
1172,150B4536,https://tantalize.lk/t/150B4536
1173,E7B07E31,https://tantalize.lk/t/E7B07E31
1174,AD0794E7,https://tantalize.lk/t/AD0794E7
1175,657C3C4D,https://tantalize.lk/t/657C3C4D
1176,57E67D70,https://tantalize.lk/t/57E67D70
1177,72751211,https://tantalize.lk/t/72751211
1178,44E7F38D,https://tantalize.lk/t/44E7F38D
1179,BE2B022C,https://tantalize.lk/t/BE2B022C
1180,6EF696A0,https://tantalize.lk/t/6EF696A0
1181,EA0729D3,https://tantalize.lk/t/EA0729D3
1182,4C4A2F79,https://tantalize.lk/t/4C4A2F79
1183,0F5F431E,https://tantalize.lk/t/0F5F431E
1184,64CE8E6D,https://tantalize.lk/t/64CE8E6D
1185,F3BE2666,https://tantalize.lk/t/F3BE2666
1186,0E60C8FC,https://tantalize.lk/t/0E60C8FC
1187,AD0ECAFA,https://tantalize.lk/t/AD0ECAFA
1188,0F48A298,https://tantalize.lk/t/0F48A298
1189,5C0B910C,https://tantalize.lk/t/5C0B910C
1190,FF78280F,https://tantalize.lk/t/FF78280F
1191,297F33FB,https://tantalize.lk/t/297F33FB
1192,EC006545,https://tantalize.lk/t/EC006545
1193,1F69A265,https://tantalize.lk/t/1F69A265
1194,EB19C1F2,https://tantalize.lk/t/EB19C1F2
1195,8663011C,https://tantalize.lk/t/8663011C
1196,68543F1A,https://tantalize.lk/t/68543F1A
1197,B33F4878,https://tantalize.lk/t/B33F4878
1198,6AAA53F7,https://tantalize.lk/t/6AAA53F7
1199,3E0A2707,https://tantalize.lk/t/3E0A2707
1200,E5656AF5,https://tantalize.lk/t/E5656AF5
1201,462ACE42,https://tantalize.lk/t/462ACE42
1202,DF15EE08,https://tantalize.lk/t/DF15EE08
1203,947652A7,https://tantalize.lk/t/947652A7
1204,18334291,https://tantalize.lk/t/18334291
1205,79F605D0,https://tantalize.lk/t/79F605D0
1206,28A071BF,https://tantalize.lk/t/28A071BF
1207,A9E6A878,https://tantalize.lk/t/A9E6A878
1208,714D1CEA,https://tantalize.lk/t/714D1CEA
1209,2648E821,https://tantalize.lk/t/2648E821
1210,38771B05,https://tantalize.lk/t/38771B05
1211,428AE6D7,https://tantalize.lk/t/428AE6D7
1212,05FD272B,https://tantalize.lk/t/05FD272B
1213,B502976A,https://tantalize.lk/t/B502976A
1214,52C43885,https://tantalize.lk/t/52C43885
1215,2AA707DA,https://tantalize.lk/t/2AA707DA
1216,D23A3A3A,https://tantalize.lk/t/D23A3A3A
1217,CDAF231F,https://tantalize.lk/t/CDAF231F
1218,3649E549,https://tantalize.lk/t/3649E549
1219,20C508ED,https://tantalize.lk/t/20C508ED
1220,BD18527C,https://tantalize.lk/t/BD18527C
1221,55D236EA,https://tantalize.lk/t/55D236EA
1222,671B2C24,https://tantalize.lk/t/671B2C24
1223,F9F5C5CA,https://tantalize.lk/t/F9F5C5CA
1224,3B764570,https://tantalize.lk/t/3B764570
1225,82FAF935,https://tantalize.lk/t/82FAF935
1226,2EDE5B21,https://tantalize.lk/t/2EDE5B21
1227,BA2BA4C8,https://tantalize.lk/t/BA2BA4C8
1228,794713F6,https://tantalize.lk/t/794713F6
1229,7B70AFC8,https://tantalize.lk/t/7B70AFC8
1230,D8A0D5A9,https://tantalize.lk/t/D8A0D5A9
1231,17CEEDC8,https://tantalize.lk/t/17CEEDC8
1232,25657083,https://tantalize.lk/t/25657083
1233,58C9E01B,https://tantalize.lk/t/58C9E01B
1234,9C73FE80,https://tantalize.lk/t/9C73FE80
1235,4C05CBB9,https://tantalize.lk/t/4C05CBB9
1236,6826E95D,https://tantalize.lk/t/6826E95D
1237,EB97A1C4,https://tantalize.lk/t/EB97A1C4
1238,8B867CCB,https://tantalize.lk/t/8B867CCB
1239,8EEE1254,https://tantalize.lk/t/8EEE1254
1240,1B5E6F30,https://tantalize.lk/t/1B5E6F30
1241,94DB6472,https://tantalize.lk/t/94DB6472
1242,C99B6CF1,https://tantalize.lk/t/C99B6CF1
1243,C19AFAB7,https://tantalize.lk/t/C19AFAB7
1244,A3E4732E,https://tantalize.lk/t/A3E4732E
1245,A99F759B,https://tantalize.lk/t/A99F759B
1246,603C9C4F,https://tantalize.lk/t/603C9C4F
1247,211E51CA,https://tantalize.lk/t/211E51CA
1248,CD592E13,https://tantalize.lk/t/CD592E13
1249,D234C2FF,https://tantalize.lk/t/D234C2FF
1250,F2813504,https://tantalize.lk/t/F2813504
1251,3E844AA2,https://tantalize.lk/t/3E844AA2
1252,E509B0EF,https://tantalize.lk/t/E509B0EF
1253,802AE1CB,https://tantalize.lk/t/802AE1CB
1254,8CB5B50A,https://tantalize.lk/t/8CB5B50A
1255,52918006,https://tantalize.lk/t/52918006
1256,EE99F84C,https://tantalize.lk/t/EE99F84C
1257,973CB6EC,https://tantalize.lk/t/973CB6EC
1258,657ECDCB,https://tantalize.lk/t/657ECDCB
1259,782A4085,https://tantalize.lk/t/782A4085
1260,F923CB2A,https://tantalize.lk/t/F923CB2A
1261,1112CC04,https://tantalize.lk/t/1112CC04
1262,CC20CD70,https://tantalize.lk/t/CC20CD70
1263,81B4E45A,https://tantalize.lk/t/81B4E45A
1264,EF07BBE4,https://tantalize.lk/t/EF07BBE4
1265,D4A8944D,https://tantalize.lk/t/D4A8944D
1266,7D984001,https://tantalize.lk/t/7D984001
1267,CD0B9D14,https://tantalize.lk/t/CD0B9D14
1268,1435CA76,https://tantalize.lk/t/1435CA76
1269,EA0B37C3,https://tantalize.lk/t/EA0B37C3
1270,C3F2274A,https://tantalize.lk/t/C3F2274A
1271,D93CD9CA,https://tantalize.lk/t/D93CD9CA
1272,58CBA79B,https://tantalize.lk/t/58CBA79B
1273,4CC2299E,https://tantalize.lk/t/4CC2299E
1274,42ACD11F,https://tantalize.lk/t/42ACD11F
1275,55B34D5F,https://tantalize.lk/t/55B34D5F
1276,A673936B,https://tantalize.lk/t/A673936B
1277,855564F6,https://tantalize.lk/t/855564F6
1278,769B7534,https://tantalize.lk/t/769B7534
1279,57C905F2,https://tantalize.lk/t/57C905F2
1280,BB5AC7D6,https://tantalize.lk/t/BB5AC7D6
1281,89FE16EE,https://tantalize.lk/t/89FE16EE
1282,C30CBBB8,https://tantalize.lk/t/C30CBBB8
1283,FB333887,https://tantalize.lk/t/FB333887
1284,12D54302,https://tantalize.lk/t/12D54302
1285,508C4E28,https://tantalize.lk/t/508C4E28
1286,11BF2781,https://tantalize.lk/t/11BF2781
1287,E1F716D9,https://tantalize.lk/t/E1F716D9
1288,641EA376,https://tantalize.lk/t/641EA376
1289,80C3AD66,https://tantalize.lk/t/80C3AD66
1290,363B8080,https://tantalize.lk/t/363B8080
1291,7E6B9A6A,https://tantalize.lk/t/7E6B9A6A
1292,FF8C3E22,https://tantalize.lk/t/FF8C3E22
1293,E122C126,https://tantalize.lk/t/E122C126
1294,1BE92672,https://tantalize.lk/t/1BE92672
1295,2C7F6219,https://tantalize.lk/t/2C7F6219
1296,E502B486,https://tantalize.lk/t/E502B486
1297,26AA5454,https://tantalize.lk/t/26AA5454
1298,50E1232A,https://tantalize.lk/t/50E1232A
1299,16F6226C,https://tantalize.lk/t/16F6226C
1300,246D41AA,https://tantalize.lk/t/246D41AA
1301,780A03E8,https://tantalize.lk/t/780A03E8
1302,51D61CBB,https://tantalize.lk/t/51D61CBB
1303,6F0F2EC5,https://tantalize.lk/t/6F0F2EC5
1304,57E1A2EE,https://tantalize.lk/t/57E1A2EE
1305,0F26E002,https://tantalize.lk/t/0F26E002
1306,2C8559AC,https://tantalize.lk/t/2C8559AC
1307,B6F8F08F,https://tantalize.lk/t/B6F8F08F
1308,EDF3EF05,https://tantalize.lk/t/EDF3EF05
1309,5E031038,https://tantalize.lk/t/5E031038
1310,6B93D0E8,https://tantalize.lk/t/6B93D0E8
1311,8397259D,https://tantalize.lk/t/8397259D
1312,BD50A4CF,https://tantalize.lk/t/BD50A4CF
1313,F1589556,https://tantalize.lk/t/F1589556
1314,A3C66053,https://tantalize.lk/t/A3C66053
1315,45DCB76E,https://tantalize.lk/t/45DCB76E
1316,CBFB3E90,https://tantalize.lk/t/CBFB3E90
1317,7CA76015,https://tantalize.lk/t/7CA76015
1318,393731EE,https://tantalize.lk/t/393731EE
1319,B9A8E2CD,https://tantalize.lk/t/B9A8E2CD
1320,749F8187,https://tantalize.lk/t/749F8187
1321,D63A224C,https://tantalize.lk/t/D63A224C
1322,A27CBB78,https://tantalize.lk/t/A27CBB78
1323,2932EA4B,https://tantalize.lk/t/2932EA4B
1324,30A2C7DA,https://tantalize.lk/t/30A2C7DA
1325,74040E72,https://tantalize.lk/t/74040E72
1326,0C414E59,https://tantalize.lk/t/0C414E59
1327,B3028F4A,https://tantalize.lk/t/B3028F4A
1328,E662860F,https://tantalize.lk/t/E662860F
1329,2AA17C25,https://tantalize.lk/t/2AA17C25
1330,E2B4137D,https://tantalize.lk/t/E2B4137D
1331,1149D45C,https://tantalize.lk/t/1149D45C
1332,78EE1F4A,https://tantalize.lk/t/78EE1F4A
1333,A40D985D,https://tantalize.lk/t/A40D985D
1334,823AE123,https://tantalize.lk/t/823AE123
1335,6D64E524,https://tantalize.lk/t/6D64E524
1336,A4909EE6,https://tantalize.lk/t/A4909EE6
1337,FA6714C0,https://tantalize.lk/t/FA6714C0
1338,2C951C04,https://tantalize.lk/t/2C951C04
1339,A4DD0BE0,https://tantalize.lk/t/A4DD0BE0
1340,0E731395,https://tantalize.lk/t/0E731395
1341,0199895A,https://tantalize.lk/t/0199895A
1342,38496278,https://tantalize.lk/t/38496278
1343,372975B7,https://tantalize.lk/t/372975B7
1344,F926B1CC,https://tantalize.lk/t/F926B1CC
1345,29D5C755,https://tantalize.lk/t/29D5C755
1346,6F713446,https://tantalize.lk/t/6F713446
1347,1A5E512C,https://tantalize.lk/t/1A5E512C
1348,CA2DDB60,https://tantalize.lk/t/CA2DDB60
1349,913E43A4,https://tantalize.lk/t/913E43A4
1350,EFB8F18C,https://tantalize.lk/t/EFB8F18C
1351,FAE82049,https://tantalize.lk/t/FAE82049
1352,3C5013E0,https://tantalize.lk/t/3C5013E0
1353,DE5B32C1,https://tantalize.lk/t/DE5B32C1
1354,61BE6AF0,https://tantalize.lk/t/61BE6AF0
1355,659FD139,https://tantalize.lk/t/659FD139
1356,ED118CDA,https://tantalize.lk/t/ED118CDA
1357,408E1599,https://tantalize.lk/t/408E1599
1358,519A3030,https://tantalize.lk/t/519A3030
1359,E17273AB,https://tantalize.lk/t/E17273AB
1360,352DBA5C,https://tantalize.lk/t/352DBA5C
1361,1F212861,https://tantalize.lk/t/1F212861
1362,FB638978,https://tantalize.lk/t/FB638978
1363,DFF7F3B2,https://tantalize.lk/t/DFF7F3B2
1364,E7F98275,https://tantalize.lk/t/E7F98275
1365,343CC7C2,https://tantalize.lk/t/343CC7C2
1366,C1E36D93,https://tantalize.lk/t/C1E36D93
1367,F3FC087D,https://tantalize.lk/t/F3FC087D
1368,BA9C3685,https://tantalize.lk/t/BA9C3685
1369,4C6B6BF1,https://tantalize.lk/t/4C6B6BF1
1370,90FA5198,https://tantalize.lk/t/90FA5198
1371,AEA16330,https://tantalize.lk/t/AEA16330
1372,958868C0,https://tantalize.lk/t/958868C0
1373,451FD04B,https://tantalize.lk/t/451FD04B
1374,75144E65,https://tantalize.lk/t/75144E65
1375,78975D9A,https://tantalize.lk/t/78975D9A
1376,C5D80779,https://tantalize.lk/t/C5D80779
1377,449C8D50,https://tantalize.lk/t/449C8D50
1378,3FDFF070,https://tantalize.lk/t/3FDFF070
1379,11B8BC34,https://tantalize.lk/t/11B8BC34
1380,F113EA2B,https://tantalize.lk/t/F113EA2B
1381,6840A943,https://tantalize.lk/t/6840A943
1382,7C228CFB,https://tantalize.lk/t/7C228CFB
1383,8CC12923,https://tantalize.lk/t/8CC12923
1384,2E67C16B,https://tantalize.lk/t/2E67C16B
1385,EB76A228,https://tantalize.lk/t/EB76A228
1386,BA1D6EAE,https://tantalize.lk/t/BA1D6EAE
1387,B819B7FC,https://tantalize.lk/t/B819B7FC
1388,E7588BE0,https://tantalize.lk/t/E7588BE0
1389,DD4FA94E,https://tantalize.lk/t/DD4FA94E
1390,BD11BF4E,https://tantalize.lk/t/BD11BF4E
1391,E271A2A4,https://tantalize.lk/t/E271A2A4
1392,0ADFD673,https://tantalize.lk/t/0ADFD673
1393,9EA32BDC,https://tantalize.lk/t/9EA32BDC
1394,8C7E0CF7,https://tantalize.lk/t/8C7E0CF7
1395,77F00999,https://tantalize.lk/t/77F00999
1396,3F6D432B,https://tantalize.lk/t/3F6D432B
1397,B8223EEF,https://tantalize.lk/t/B8223EEF
1398,4B030C3D,https://tantalize.lk/t/4B030C3D
1399,20D32954,https://tantalize.lk/t/20D32954
1400,FB10E056,https://tantalize.lk/t/FB10E056
1401,57DF31F6,https://tantalize.lk/t/57DF31F6
1402,544D5F31,https://tantalize.lk/t/544D5F31
1403,DC8FFA39,https://tantalize.lk/t/DC8FFA39
1404,84E4E092,https://tantalize.lk/t/84E4E092
1405,B34EC6A5,https://tantalize.lk/t/B34EC6A5
1406,3291B4C4,https://tantalize.lk/t/3291B4C4
1407,8658A5C1,https://tantalize.lk/t/8658A5C1
1408,CD2770C5,https://tantalize.lk/t/CD2770C5
1409,3D849588,https://tantalize.lk/t/3D849588
1410,ABC65068,https://tantalize.lk/t/ABC65068
1411,04689B06,https://tantalize.lk/t/04689B06
1412,FC8ABBA2,https://tantalize.lk/t/FC8ABBA2
1413,C93ED18A,https://tantalize.lk/t/C93ED18A
1414,F4EB7421,https://tantalize.lk/t/F4EB7421
1415,D1EC7FFF,https://tantalize.lk/t/D1EC7FFF
1416,1FFE16A5,https://tantalize.lk/t/1FFE16A5
1417,2A5E99DE,https://tantalize.lk/t/2A5E99DE
1418,3CFCAB1C,https://tantalize.lk/t/3CFCAB1C
1419,B3540958,https://tantalize.lk/t/B3540958
1420,135D93A4,https://tantalize.lk/t/135D93A4
1421,6F8BADF3,https://tantalize.lk/t/6F8BADF3
1422,CDEF6AA7,https://tantalize.lk/t/CDEF6AA7
1423,A4E1AC79,https://tantalize.lk/t/A4E1AC79
1424,0407FE70,https://tantalize.lk/t/0407FE70
1425,F7112096,https://tantalize.lk/t/F7112096
1426,CBA88D56,https://tantalize.lk/t/CBA88D56
1427,78D7EED0,https://tantalize.lk/t/78D7EED0
1428,3401F120,https://tantalize.lk/t/3401F120
1429,4C3DB040,https://tantalize.lk/t/4C3DB040
1430,1B97EB5F,https://tantalize.lk/t/1B97EB5F
1431,04FA4BB5,https://tantalize.lk/t/04FA4BB5
1432,12845F0E,https://tantalize.lk/t/12845F0E
1433,AF05C7BB,https://tantalize.lk/t/AF05C7BB
1434,742EFD19,https://tantalize.lk/t/742EFD19
1435,87CA9464,https://tantalize.lk/t/87CA9464
1436,0CC299C3,https://tantalize.lk/t/0CC299C3
1437,A3E91A78,https://tantalize.lk/t/A3E91A78
1438,8F6DAE30,https://tantalize.lk/t/8F6DAE30
1439,93D7D1B4,https://tantalize.lk/t/93D7D1B4
1440,720B54EC,https://tantalize.lk/t/720B54EC
1441,C9E08C22,https://tantalize.lk/t/C9E08C22
1442,215A005E,https://tantalize.lk/t/215A005E
1443,21A7308B,https://tantalize.lk/t/21A7308B
1444,83C0C47C,https://tantalize.lk/t/83C0C47C
1445,AF3D74A3,https://tantalize.lk/t/AF3D74A3
1446,98F94E4F,https://tantalize.lk/t/98F94E4F
1447,7234C6A5,https://tantalize.lk/t/7234C6A5
1448,CC95BDF7,https://tantalize.lk/t/CC95BDF7
1449,83E7C9B4,https://tantalize.lk/t/83E7C9B4
1450,F73C92F5,https://tantalize.lk/t/F73C92F5
1451,449D693E,https://tantalize.lk/t/449D693E
1452,8761C54B,https://tantalize.lk/t/8761C54B
1453,42892156,https://tantalize.lk/t/42892156
1454,608F8286,https://tantalize.lk/t/608F8286
1455,F9AF8EA7,https://tantalize.lk/t/F9AF8EA7
1456,FFE9D95D,https://tantalize.lk/t/FFE9D95D
1457,808320FA,https://tantalize.lk/t/808320FA
1458,F3599F20,https://tantalize.lk/t/F3599F20
1459,2D3357F8,https://tantalize.lk/t/2D3357F8
1460,EDEF9121,https://tantalize.lk/t/EDEF9121
1461,689162CB,https://tantalize.lk/t/689162CB
1462,848D93CF,https://tantalize.lk/t/848D93CF
1463,4CBA5FF5,https://tantalize.lk/t/4CBA5FF5
1464,2FC6842A,https://tantalize.lk/t/2FC6842A
1465,3A1FA9CB,https://tantalize.lk/t/3A1FA9CB
1466,236290C5,https://tantalize.lk/t/236290C5
1467,EB71D577,https://tantalize.lk/t/EB71D577
1468,8FECBE3D,https://tantalize.lk/t/8FECBE3D
1469,492AE57F,https://tantalize.lk/t/492AE57F
1470,FBAEE170,https://tantalize.lk/t/FBAEE170
1471,3E8D7479,https://tantalize.lk/t/3E8D7479
1472,027B082A,https://tantalize.lk/t/027B082A
1473,BF00D3B4,https://tantalize.lk/t/BF00D3B4
1474,DE0492DB,https://tantalize.lk/t/DE0492DB
1475,4D7BC444,https://tantalize.lk/t/4D7BC444
1476,7DA3759D,https://tantalize.lk/t/7DA3759D
1477,07F86A6E,https://tantalize.lk/t/07F86A6E
1478,BFD79178,https://tantalize.lk/t/BFD79178
1479,1431AD43,https://tantalize.lk/t/1431AD43
1480,7901937D,https://tantalize.lk/t/7901937D
1481,7548F04E,https://tantalize.lk/t/7548F04E
1482,5533170D,https://tantalize.lk/t/5533170D
1483,3A43D207,https://tantalize.lk/t/3A43D207
1484,95F09CF8,https://tantalize.lk/t/95F09CF8
1485,38596C33,https://tantalize.lk/t/38596C33
1486,F20B4D96,https://tantalize.lk/t/F20B4D96
1487,FC34D606,https://tantalize.lk/t/FC34D606
1488,595C39C1,https://tantalize.lk/t/595C39C1
1489,0C1F8EDA,https://tantalize.lk/t/0C1F8EDA
1490,C314BF62,https://tantalize.lk/t/C314BF62
1491,3DE8C3FD,https://tantalize.lk/t/3DE8C3FD
1492,DBABDC49,https://tantalize.lk/t/DBABDC49
1493,A9349059,https://tantalize.lk/t/A9349059
1494,F47DBD14,https://tantalize.lk/t/F47DBD14
1495,377D0F91,https://tantalize.lk/t/377D0F91
1496,E9ED6242,https://tantalize.lk/t/E9ED6242
1497,D0AE9F1A,https://tantalize.lk/t/D0AE9F1A
1498,8593C3F2,https://tantalize.lk/t/8593C3F2
1499,1A7B3EDD,https://tantalize.lk/t/1A7B3EDD
1500,EF40573C,https://tantalize.lk/t/EF40573C