Serial_Number,Human_Readable_ID,QR_Link_URL,Ticket_Status
0001,8946BBE5,https://tantalize.lk/t/8946BBE5,NORMAL
0002,461F0F8D,https://tantalize.lk/t/461F0F8D,NORMAL
0003,9B0022E2,https://tantalize.lk/t/9B0022E2,NORMAL
0004,F2D43DD0,https://tantalize.lk/t/F2D43DD0,NORMAL
0005,DD67A2B6,https://tantalize.lk/t/DD67A2B6,NORMAL
0006,F74C9BD7,https://tantalize.lk/t/F74C9BD7,NORMAL
0007,3FCD7A0E,https://tantalize.lk/t/3FCD7A0E,NORMAL
0008,3E8A2049,https://tantalize.lk/t/3E8A2049,NORMAL
0009,6F634357,https://tantalize.lk/t/6F634357,NORMAL
0010,F3C2577A,https://tantalize.lk/t/F3C2577A,NORMAL
0011,98E7D8CF,https://tantalize.lk/t/98E7D8CF,NORMAL
0012,32316673,https://tantalize.lk/t/32316673,NORMAL
0013,F5128990,https://tantalize.lk/t/F5128990,NORMAL
0014,4334A9B3,https://tantalize.lk/t/4334A9B3,NORMAL
0015,4AB48565,https://tantalize.lk/t/4AB48565,NORMAL
0016,A204ABDE,https://tantalize.lk/t/A204ABDE,NORMAL
0017,634A89B0,https://tantalize.lk/t/634A89B0,NORMAL
0018,B995D202,https://tantalize.lk/t/B995D202,NORMAL
0019,F4294FCE,https://tantalize.lk/t/F4294FCE,NORMAL
0020,0AA1139B,https://tantalize.lk/t/0AA1139B,NORMAL
0021,00D06666,https://tantalize.lk/t/00D06666,NORMAL
0022,4DFAC7A1,https://tantalize.lk/t/4DFAC7A1,NORMAL
0023,7EFAA3B8,https://tantalize.lk/t/7EFAA3B8,NORMAL
0024,52CCC0A2,https://tantalize.lk/t/52CCC0A2,NORMAL
0025,0B12EA02,https://tantalize.lk/t/0B12EA02,NORMAL
0026,7C01C625,https://tantalize.lk/t/7C01C625,NORMAL
0027,AAF427CC,https://tantalize.lk/t/AAF427CC,NORMAL
0028,820E501F,https://tantalize.lk/t/820E501F,NORMAL
0029,E9F58BDC,https://tantalize.lk/t/E9F58BDC,NORMAL
0030,FADA2EFD,https://tantalize.lk/t/FADA2EFD,NORMAL
0031,96E11581,https://tantalize.lk/t/96E11581,NORMAL
0032,3242AF1F,https://tantalize.lk/t/3242AF1F,NORMAL
0033,1189B59B,https://tantalize.lk/t/1189B59B,NORMAL
0034,0595C39D,https://tantalize.lk/t/0595C39D,NORMAL
0035,2BF537A2,https://tantalize.lk/t/2BF537A2,NORMAL
0036,0426CE6C,https://tantalize.lk/t/0426CE6C,NORMAL
0037,31F99429,https://tantalize.lk/t/31F99429,NORMAL
0038,8FBADA30,https://tantalize.lk/t/8FBADA30,NORMAL
0039,EF38713D,https://tantalize.lk/t/EF38713D,NORMAL
0040,9CD18F6D,https://tantalize.lk/t/9CD18F6D,NORMAL
0041,83C959A6,https://tantalize.lk/t/83C959A6,NORMAL
0042,16556BD9,https://tantalize.lk/t/16556BD9,NORMAL
0043,E04FDCEC,https://tantalize.lk/t/E04FDCEC,NORMAL
0044,F6DA208C,https://tantalize.lk/t/F6DA208C,NORMAL
0045,1B5266A9,https://tantalize.lk/t/1B5266A9,NORMAL
0046,4B25293B,https://tantalize.lk/t/4B25293B,NORMAL
0047,F06E9307,https://tantalize.lk/t/F06E9307,NORMAL
0048,41BCA529,https://tantalize.lk/t/41BCA529,NORMAL
0049,8F53EE2A,https://tantalize.lk/t/8F53EE2A,NORMAL
0050,43322310,https://tantalize.lk/t/43322310,NORMAL
0051,205923F4,https://tantalize.lk/t/205923F4,NORMAL
0052,018B346E,https://tantalize.lk/t/018B346E,NORMAL
0053,AF820A6D,https://tantalize.lk/t/AF820A6D,NORMAL
0054,466576FE,https://tantalize.lk/t/466576FE,NORMAL
0055,6D5E4F3F,https://tantalize.lk/t/6D5E4F3F,NORMAL
0056,0A559CA9,https://tantalize.lk/t/0A559CA9,NORMAL
0057,587B6929,https://tantalize.lk/t/587B6929,NORMAL
0058,B1CBC101,https://tantalize.lk/t/B1CBC101,NORMAL
0059,F7F0CFC6,https://tantalize.lk/t/F7F0CFC6,NORMAL
0060,1651FEB7,https://tantalize.lk/t/1651FEB7,NORMAL
0061,E5D769D2,https://tantalize.lk/t/E5D769D2,NORMAL
0062,F913B58C,https://tantalize.lk/t/F913B58C,NORMAL
0063,F78EDD66,https://tantalize.lk/t/F78EDD66,NORMAL
0064,9CFB1A13,https://tantalize.lk/t/9CFB1A13,NORMAL
0065,9C3EB714,https://tantalize.lk/t/9C3EB714,NORMAL
0066,6004B635,https://tantalize.lk/t/6004B635,NORMAL
0067,EFC8AA5D,https://tantalize.lk/t/EFC8AA5D,NORMAL
0068,682058BE,https://tantalize.lk/t/682058BE,NORMAL
0069,4764BAE2,https://tantalize.lk/t/4764BAE2,NORMAL
0070,01E14707,https://tantalize.lk/t/01E14707,NORMAL
0071,5B96A96C,https://tantalize.lk/t/5B96A96C,NORMAL
0072,65E9558E,https://tantalize.lk/t/65E9558E,NORMAL
0073,747B7EB6,https://tantalize.lk/t/747B7EB6,NORMAL
0074,2F28892F,https://tantalize.lk/t/2F28892F,NORMAL
0075,E84C5B48,https://tantalize.lk/t/E84C5B48,NORMAL
0076,AB6B069F,https://tantalize.lk/t/AB6B069F,NORMAL
0077,A838CA0B,https://tantalize.lk/t/A838CA0B,NORMAL
0078,593E4752,https://tantalize.lk/t/593E4752,NORMAL
0079,7EB6967A,https://tantalize.lk/t/7EB6967A,NORMAL
0080,EBF86B0E,https://tantalize.lk/t/EBF86B0E,NORMAL
0081,98FECBCF,https://tantalize.lk/t/98FECBCF,NORMAL
0082,9279ABE4,https://tantalize.lk/t/9279ABE4,NORMAL
0083,2FF5E655,https://tantalize.lk/t/2FF5E655,NORMAL
0084,A7EA4B89,https://tantalize.lk/t/A7EA4B89,NORMAL
0085,FFAB89C5,https://tantalize.lk/t/FFAB89C5,NORMAL
0086,791BCFB2,https://tantalize.lk/t/791BCFB2,NORMAL
0087,8187F4AB,https://tantalize.lk/t/8187F4AB,NORMAL
0088,E33CD857,https://tantalize.lk/t/E33CD857,NORMAL
0089,9D1EEB12,https://tantalize.lk/t/9D1EEB12,NORMAL
0090,D6012BE9,https://tantalize.lk/t/D6012BE9,NORMAL
0091,8B9785BF,https://tantalize.lk/t/8B9785BF,NORMAL
0092,93A48240,https://tantalize.lk/t/93A48240,NORMAL
0093,73ECF11E,https://tantalize.lk/t/73ECF11E,NORMAL
0094,6C5EA2BE,https://tantalize.lk/t/6C5EA2BE,NORMAL
0095,09BCE428,https://tantalize.lk/t/09BCE428,NORMAL
0096,FD6B38F5,https://tantalize.lk/t/FD6B38F5,NORMAL
0097,DC2B28E5,https://tantalize.lk/t/DC2B28E5,NORMAL
0098,96E372F1,https://tantalize.lk/t/96E372F1,NORMAL
0099,E2CA2CD1,https://tantalize.lk/t/E2CA2CD1,NORMAL
0100,F4E6EA2C,https://tantalize.lk/t/F4E6EA2C,NORMAL
0101,0C81D927,https://tantalize.lk/t/0C81D927,NORMAL
0102,E8B27B9F,https://tantalize.lk/t/E8B27B9F,NORMAL
0103,FC750F33,https://tantalize.lk/t/FC750F33,NORMAL
0104,BC9C663B,https://tantalize.lk/t/BC9C663B,NORMAL
0105,6A64CF9A,https://tantalize.lk/t/6A64CF9A,NORMAL
0106,E2002796,https://tantalize.lk/t/E2002796,NORMAL
0107,1B747480,https://tantalize.lk/t/1B747480,NORMAL
0108,A45F4A44,https://tantalize.lk/t/A45F4A44,NORMAL
0109,BA40579B,https://tantalize.lk/t/BA40579B,NORMAL
0110,A6639DB8,https://tantalize.lk/t/A6639DB8,NORMAL
0111,F2C0014D,https://tantalize.lk/t/F2C0014D,NORMAL
0112,D93F774B,https://tantalize.lk/t/D93F774B,NORMAL
0113,0747732B,https://tantalize.lk/t/0747732B,NORMAL
0114,A6F9376F,https://tantalize.lk/t/A6F9376F,NORMAL
0115,9B907877,https://tantalize.lk/t/9B907877,NORMAL
0116,7537FDA9,https://tantalize.lk/t/7537FDA9,NORMAL
0117,B260994B,https://tantalize.lk/t/B260994B,NORMAL
0118,4E2518DE,https://tantalize.lk/t/4E2518DE,NORMAL
0119,CDBFCDDC,https://tantalize.lk/t/CDBFCDDC,NORMAL
0120,171440B0,https://tantalize.lk/t/171440B0,NORMAL
0121,E93BF5BA,https://tantalize.lk/t/E93BF5BA,NORMAL
0122,9513D698,https://tantalize.lk/t/9513D698,NORMAL
0123,6508BB32,https://tantalize.lk/t/6508BB32,NORMAL
0124,CC57F31D,https://tantalize.lk/t/CC57F31D,NORMAL
0125,F4F58387,https://tantalize.lk/t/F4F58387,NORMAL
0126,A77E6071,https://tantalize.lk/t/A77E6071,NORMAL
0127,43F7DE26,https://tantalize.lk/t/43F7DE26,NORMAL
0128,1A5CA2A6,https://tantalize.lk/t/1A5CA2A6,NORMAL
0129,46E62B51,https://tantalize.lk/t/46E62B51,NORMAL
0130,7D5BB4A8,https://tantalize.lk/t/7D5BB4A8,NORMAL
0131,F2E29B66,https://tantalize.lk/t/F2E29B66,NORMAL
0132,E116FCF9,https://tantalize.lk/t/E116FCF9,NORMAL
0133,A1515968,https://tantalize.lk/t/A1515968,NORMAL
0134,36BEE2A9,https://tantalize.lk/t/36BEE2A9,NORMAL
0135,62F6EFC6,https://tantalize.lk/t/62F6EFC6,NORMAL
0136,C500A75B,https://tantalize.lk/t/C500A75B,NORMAL
0137,FBF193DA,https://tantalize.lk/t/FBF193DA,NORMAL
0138,0ADC4A99,https://tantalize.lk/t/0ADC4A99,NORMAL
0139,562F3F39,https://tantalize.lk/t/562F3F39,NORMAL
0140,5C8546DD,https://tantalize.lk/t/5C8546DD,NORMAL
0141,B68FD048,https://tantalize.lk/t/B68FD048,NORMAL
0142,10B5BAC9,https://tantalize.lk/t/10B5BAC9,NORMAL
0143,AA02CADC,https://tantalize.lk/t/AA02CADC,NORMAL
0144,B9045550,https://tantalize.lk/t/B9045550,NORMAL
0145,7FBBAFA5,https://tantalize.lk/t/7FBBAFA5,NORMAL
0146,3AC11DAD,https://tantalize.lk/t/3AC11DAD,NORMAL
0147,2A6D6412,https://tantalize.lk/t/2A6D6412,NORMAL
0148,5E2FAAA5,https://tantalize.lk/t/5E2FAAA5,NORMAL
0149,EDA36DB7,https://tantalize.lk/t/EDA36DB7,NORMAL
0150,F232C466,https://tantalize.lk/t/F232C466,NORMAL
0151,F8AF464E,https://tantalize.lk/t/F8AF464E,NORMAL
0152,8ED87795,https://tantalize.lk/t/8ED87795,NORMAL
0153,AF3F19B9,https://tantalize.lk/t/AF3F19B9,NORMAL
0154,DE5E9083,https://tantalize.lk/t/DE5E9083,NORMAL
0155,932F327C,https://tantalize.lk/t/932F327C,NORMAL
0156,DD95EA49,https://tantalize.lk/t/DD95EA49,NORMAL
0157,2A96203B,https://tantalize.lk/t/2A96203B,NORMAL
0158,386DAFF6,https://tantalize.lk/t/386DAFF6,NORMAL
0159,62CDC895,https://tantalize.lk/t/62CDC895,NORMAL
0160,C2D627E7,https://tantalize.lk/t/C2D627E7,NORMAL
0161,2D080A05,https://tantalize.lk/t/2D080A05,NORMAL
0162,4F7A0038,https://tantalize.lk/t/4F7A0038,NORMAL
0163,DECAA61A,https://tantalize.lk/t/DECAA61A,NORMAL
0164,CA5B25E5,https://tantalize.lk/t/CA5B25E5,NORMAL
0165,B056AE60,https://tantalize.lk/t/B056AE60,NORMAL
0166,91295318,https://tantalize.lk/t/91295318,NORMAL
0167,860B00E7,https://tantalize.lk/t/860B00E7,NORMAL
0168,8F9C2AC1,https://tantalize.lk/t/8F9C2AC1,NORMAL
0169,7F993AE6,https://tantalize.lk/t/7F993AE6,NORMAL
0170,D5DE5C61,https://tantalize.lk/t/D5DE5C61,NORMAL
0171,490D5CC9,https://tantalize.lk/t/490D5CC9,NORMAL
0172,83723682,https://tantalize.lk/t/83723682,NORMAL
0173,321233A9,https://tantalize.lk/t/321233A9,NORMAL
0174,CECE8D5E,https://tantalize.lk/t/CECE8D5E,NORMAL
0175,88D95052,https://tantalize.lk/t/88D95052,NORMAL
0176,6CA2DE35,https://tantalize.lk/t/6CA2DE35,NORMAL
0177,9D53B122,https://tantalize.lk/t/9D53B122,NORMAL
0178,A243C1EE,https://tantalize.lk/t/A243C1EE,NORMAL
0179,942E27C9,https://tantalize.lk/t/942E27C9,NORMAL
0180,5FF12193,https://tantalize.lk/t/5FF12193,NORMAL
0181,FF267F19,https://tantalize.lk/t/FF267F19,NORMAL
0182,43B44351,https://tantalize.lk/t/43B44351,NORMAL
0183,EDD6CFC1,https://tantalize.lk/t/EDD6CFC1,NORMAL
0184,C88D6435,https://tantalize.lk/t/C88D6435,NORMAL
0185,21DB8C6F,https://tantalize.lk/t/21DB8C6F,NORMAL
0186,850279E0,https://tantalize.lk/t/850279E0,NORMAL
0187,C0A7F063,https://tantalize.lk/t/C0A7F063,NORMAL
0188,BC8C0CEE,https://tantalize.lk/t/BC8C0CEE,NORMAL
0189,CF012776,https://tantalize.lk/t/CF012776,NORMAL
0190,301719A9,https://tantalize.lk/t/301719A9,NORMAL
0191,6403C7C1,https://tantalize.lk/t/6403C7C1,NORMAL
0192,110D00E7,https://tantalize.lk/t/110D00E7,NORMAL
0193,DF1AF74D,https://tantalize.lk/t/DF1AF74D,NORMAL
0194,95300D4E,https://tantalize.lk/t/95300D4E,NORMAL
0195,7137170F,https://tantalize.lk/t/7137170F,NORMAL
0196,188C2CA4,https://tantalize.lk/t/188C2CA4,NORMAL
0197,5DFE54C3,https://tantalize.lk/t/5DFE54C3,NORMAL
0198,19D4F881,https://tantalize.lk/t/19D4F881,NORMAL
0199,BBD0DA12,https://tantalize.lk/t/BBD0DA12,NORMAL
0200,DFDDAD5A,https://tantalize.lk/t/DFDDAD5A,NORMAL
0201,F49D68A2,https://tantalize.lk/t/F49D68A2,NORMAL
0202,2F6F6D31,https://tantalize.lk/t/2F6F6D31,NORMAL
0203,649E0DDA,https://tantalize.lk/t/649E0DDA,NORMAL
0204,6802F9D8,https://tantalize.lk/t/6802F9D8,NORMAL
0205,35B79FD4,https://tantalize.lk/t/35B79FD4,NORMAL
0206,FC084396,https://tantalize.lk/t/FC084396,NORMAL
0207,3385F232,https://tantalize.lk/t/3385F232,NORMAL
0208,7016FD63,https://tantalize.lk/t/7016FD63,NORMAL
0209,8B51B02E,https://tantalize.lk/t/8B51B02E,NORMAL
0210,BD92FD9D,https://tantalize.lk/t/BD92FD9D,NORMAL
0211,37019FCD,https://tantalize.lk/t/37019FCD,NORMAL
0212,3FEB776D,https://tantalize.lk/t/3FEB776D,NORMAL
0213,A835F135,https://tantalize.lk/t/A835F135,NORMAL
0214,8A6A18F7,https://tantalize.lk/t/8A6A18F7,NORMAL
0215,B14745D0,https://tantalize.lk/t/B14745D0,NORMAL
0216,CF831D1B,https://tantalize.lk/t/CF831D1B,NORMAL
0217,BEF47A13,https://tantalize.lk/t/BEF47A13,NORMAL
0218,28700A07,https://tantalize.lk/t/28700A07,NORMAL
0219,65A1C7AF,https://tantalize.lk/t/65A1C7AF,NORMAL
0220,9AAD5440,https://tantalize.lk/t/9AAD5440,NORMAL
0221,AB80926D,https://tantalize.lk/t/AB80926D,NORMAL
0222,F08B737D,https://tantalize.lk/t/F08B737D,NORMAL
0223,5E4C4DC7,https://tantalize.lk/t/5E4C4DC7,NORMAL
0224,5B08E3D8,https://tantalize.lk/t/5B08E3D8,NORMAL
0225,BB825E3A,https://tantalize.lk/t/BB825E3A,NORMAL
0226,A71B088E,https://tantalize.lk/t/A71B088E,NORMAL
0227,5979961B,https://tantalize.lk/t/5979961B,NORMAL
0228,8CD73B77,https://tantalize.lk/t/8CD73B77,NORMAL
0229,1D6D99AE,https://tantalize.lk/t/1D6D99AE,NORMAL
0230,0A837857,https://tantalize.lk/t/0A837857,NORMAL
0231,1E11C651,https://tantalize.lk/t/1E11C651,NORMAL
0232,D040AEE0,https://tantalize.lk/t/D040AEE0,NORMAL
0233,DF39F9C0,https://tantalize.lk/t/DF39F9C0,NORMAL
0234,71003072,https://tantalize.lk/t/71003072,NORMAL
0235,5E4C7559,https://tantalize.lk/t/5E4C7559,NORMAL
0236,AACFEF30,https://tantalize.lk/t/AACFEF30,NORMAL
0237,61A0E2EF,https://tantalize.lk/t/61A0E2EF,NORMAL
0238,7D34516C,https://tantalize.lk/t/7D34516C,NORMAL
0239,ADB51EF9,https://tantalize.lk/t/ADB51EF9,NORMAL
0240,D4544F89,https://tantalize.lk/t/D4544F89,NORMAL
0241,DB5AC622,https://tantalize.lk/t/DB5AC622,NORMAL
0242,23ED9C53,https://tantalize.lk/t/23ED9C53,NORMAL
0243,4F94699F,https://tantalize.lk/t/4F94699F,NORMAL
0244,8556C03E,https://tantalize.lk/t/8556C03E,NORMAL
0245,45DAA808,https://tantalize.lk/t/45DAA808,NORMAL
0246,C5B4CED9,https://tantalize.lk/t/C5B4CED9,NORMAL
0247,D5BC57CF,https://tantalize.lk/t/D5BC57CF,NORMAL
0248,530E1E91,https://tantalize.lk/t/530E1E91,NORMAL
0249,705EEF64,https://tantalize.lk/t/705EEF64,NORMAL
0250,5D2D53D5,https://tantalize.lk/t/5D2D53D5,NORMAL
0251,09F1D008,https://tantalize.lk/t/09F1D008,NORMAL
0252,C76CDD7E,https://tantalize.lk/t/C76CDD7E,NORMAL
0253,04C3335A,https://tantalize.lk/t/04C3335A,NORMAL
0254,7259524C,https://tantalize.lk/t/7259524C,NORMAL
0255,81401365,https://tantalize.lk/t/81401365,NORMAL
0256,50903663,https://tantalize.lk/t/50903663,NORMAL
0257,98DF4046,https://tantalize.lk/t/98DF4046,NORMAL
0258,777321C7,https://tantalize.lk/t/777321C7,NORMAL
0259,B95BA138,https://tantalize.lk/t/B95BA138,NORMAL
0260,A2640411,https://tantalize.lk/t/A2640411,NORMAL
0261,B654B09F,https://tantalize.lk/t/B654B09F,NORMAL
0262,98B8C82A,https://tantalize.lk/t/98B8C82A,NORMAL
0263,983750DC,https://tantalize.lk/t/983750DC,NORMAL
0264,13C6C0E9,https://tantalize.lk/t/13C6C0E9,NORMAL
0265,DCCD0AB5,https://tantalize.lk/t/DCCD0AB5,NORMAL
0266,81F7A61F,https://tantalize.lk/t/81F7A61F,NORMAL
0267,2836BFA8,https://tantalize.lk/t/2836BFA8,NORMAL
0268,4183FD69,https://tantalize.lk/t/4183FD69,NORMAL
0269,E6D5CFCA,https://tantalize.lk/t/E6D5CFCA,NORMAL
0270,E7BFF34C,https://tantalize.lk/t/E7BFF34C,NORMAL
0271,81A4D364,https://tantalize.lk/t/81A4D364,NORMAL
0272,74FBA5C2,https://tantalize.lk/t/74FBA5C2,NORMAL
0273,75C1FA48,https://tantalize.lk/t/75C1FA48,NORMAL
0274,92F7D741,https://tantalize.lk/t/92F7D741,NORMAL
0275,EDB954AF,https://tantalize.lk/t/EDB954AF,NORMAL
0276,51BA4FEF,https://tantalize.lk/t/51BA4FEF,NORMAL
0277,FDB40F31,https://tantalize.lk/t/FDB40F31,NORMAL
0278,7A351777,https://tantalize.lk/t/7A351777,NORMAL
0279,C351ADD1,https://tantalize.lk/t/C351ADD1,NORMAL
0280,AFE78E07,https://tantalize.lk/t/AFE78E07,NORMAL
0281,8E9B55E8,https://tantalize.lk/t/8E9B55E8,NORMAL
0282,11165FEF,https://tantalize.lk/t/11165FEF,NORMAL
0283,5096F848,https://tantalize.lk/t/5096F848,NORMAL
0284,CC2586C3,https://tantalize.lk/t/CC2586C3,NORMAL
0285,E18728C7,https://tantalize.lk/t/E18728C7,NORMAL
0286,A15EF433,https://tantalize.lk/t/A15EF433,NORMAL
0287,641C5BC1,https://tantalize.lk/t/641C5BC1,NORMAL
0288,A3DAA965,https://tantalize.lk/t/A3DAA965,NORMAL
0289,22F6D3DF,https://tantalize.lk/t/22F6D3DF,NORMAL
0290,9B1CC462,https://tantalize.lk/t/9B1CC462,NORMAL
0291,78CF8552,https://tantalize.lk/t/78CF8552,NORMAL
0292,B9B992F0,https://tantalize.lk/t/B9B992F0,NORMAL
0293,D6FCA16B,https://tantalize.lk/t/D6FCA16B,NORMAL
0294,C16A4E6E,https://tantalize.lk/t/C16A4E6E,NORMAL
0295,F37606D1,https://tantalize.lk/t/F37606D1,NORMAL
0296,2F2395B9,https://tantalize.lk/t/2F2395B9,NORMAL
0297,E80E2B6E,https://tantalize.lk/t/E80E2B6E,NORMAL
0298,AFB7BD8D,https://tantalize.lk/t/AFB7BD8D,NORMAL
0299,D0CDE41C,https://tantalize.lk/t/D0CDE41C,NORMAL
0300,97A7ED7A,https://tantalize.lk/t/97A7ED7A,NORMAL
0301,AB213E1B,https://tantalize.lk/t/AB213E1B,NORMAL
0302,68453887,https://tantalize.lk/t/68453887,NORMAL
0303,C77C222E,https://tantalize.lk/t/C77C222E,NORMAL
0304,5C7877EE,https://tantalize.lk/t/5C7877EE,NORMAL
0305,DA07EF28,https://tantalize.lk/t/DA07EF28,NORMAL
0306,49D70E9E,https://tantalize.lk/t/49D70E9E,NORMAL
0307,0AF31EB8,https://tantalize.lk/t/0AF31EB8,NORMAL
0308,04F2F090,https://tantalize.lk/t/04F2F090,NORMAL
0309,D9AB6EFB,https://tantalize.lk/t/D9AB6EFB,NORMAL
0310,629803EF,https://tantalize.lk/t/629803EF,NORMAL
0311,745C168B,https://tantalize.lk/t/745C168B,NORMAL
0312,D7770029,https://tantalize.lk/t/D7770029,NORMAL
0313,E9E4ADAC,https://tantalize.lk/t/E9E4ADAC,NORMAL
0314,ACCB7829,https://tantalize.lk/t/ACCB7829,NORMAL
0315,FB94EE7B,https://tantalize.lk/t/FB94EE7B,NORMAL
0316,BBBB427F,https://tantalize.lk/t/BBBB427F,NORMAL
0317,BDA05923,https://tantalize.lk/t/BDA05923,NORMAL
0318,1E53F54D,https://tantalize.lk/t/1E53F54D,NORMAL
0319,D73A75C9,https://tantalize.lk/t/D73A75C9,NORMAL
0320,B72707FB,https://tantalize.lk/t/B72707FB,NORMAL
0321,4C3B9C1D,https://tantalize.lk/t/4C3B9C1D,NORMAL
0322,D62FCEE1,https://tantalize.lk/t/D62FCEE1,NORMAL
0323,FB48CDCB,https://tantalize.lk/t/FB48CDCB,NORMAL
0324,E914CEBF,https://tantalize.lk/t/E914CEBF,NORMAL
0325,BBD70F51,https://tantalize.lk/t/BBD70F51,NORMAL
0326,5110FEF6,https://tantalize.lk/t/5110FEF6,NORMAL
0327,B85BAEB3,https://tantalize.lk/t/B85BAEB3,NORMAL
0328,B60F874D,https://tantalize.lk/t/B60F874D,NORMAL
0329,76B64C21,https://tantalize.lk/t/76B64C21,NORMAL
0330,6BD724E1,https://tantalize.lk/t/6BD724E1,NORMAL
0331,BD3285BD,https://tantalize.lk/t/BD3285BD,NORMAL
0332,3CF4BBAA,https://tantalize.lk/t/3CF4BBAA,NORMAL
0333,E08D2751,https://tantalize.lk/t/E08D2751,NORMAL
0334,FD6C6D9D,https://tantalize.lk/t/FD6C6D9D,NORMAL
0335,9A53C644,https://tantalize.lk/t/9A53C644,NORMAL
0336,BD9B583A,https://tantalize.lk/t/BD9B583A,NORMAL
0337,8090F7DA,https://tantalize.lk/t/8090F7DA,NORMAL
0338,2C21F2EA,https://tantalize.lk/t/2C21F2EA,NORMAL
0339,9B24AF36,https://tantalize.lk/t/9B24AF36,NORMAL
0340,14760547,https://tantalize.lk/t/14760547,NORMAL
0341,83CFEEBB,https://tantalize.lk/t/83CFEEBB,NORMAL
0342,54ACA6DA,https://tantalize.lk/t/54ACA6DA,NORMAL
0343,E3E48FAD,https://tantalize.lk/t/E3E48FAD,NORMAL
0344,522430EA,https://tantalize.lk/t/522430EA,NORMAL
0345,33D2C20B,https://tantalize.lk/t/33D2C20B,NORMAL
0346,9FF5D96D,https://tantalize.lk/t/9FF5D96D,NORMAL
0347,D2E82C47,https://tantalize.lk/t/D2E82C47,NORMAL
0348,B2111A8F,https://tantalize.lk/t/B2111A8F,NORMAL
0349,3420C0FC,https://tantalize.lk/t/3420C0FC,NORMAL
0350,56349D3F,https://tantalize.lk/t/56349D3F,NORMAL
0351,119FDDD1,https://tantalize.lk/t/119FDDD1,NORMAL
0352,C1606DAE,https://tantalize.lk/t/C1606DAE,NORMAL
0353,811946B0,https://tantalize.lk/t/811946B0,NORMAL
0354,150E138C,https://tantalize.lk/t/150E138C,NORMAL
0355,19BBE87A,https://tantalize.lk/t/19BBE87A,NORMAL
0356,2C82EB39,https://tantalize.lk/t/2C82EB39,NORMAL
0357,477708F0,https://tantalize.lk/t/477708F0,NORMAL
0358,27EFCE91,https://tantalize.lk/t/27EFCE91,NORMAL
0359,9ECB866C,https://tantalize.lk/t/9ECB866C,NORMAL
0360,C9D26499,https://tantalize.lk/t/C9D26499,NORMAL
0361,6D655F8C,https://tantalize.lk/t/6D655F8C,NORMAL
0362,DE04A1AB,https://tantalize.lk/t/DE04A1AB,NORMAL
0363,5B23B929,https://tantalize.lk/t/5B23B929,NORMAL
0364,C48084D8,https://tantalize.lk/t/C48084D8,NORMAL
0365,426FE625,https://tantalize.lk/t/426FE625,NORMAL
0366,03666FAD,https://tantalize.lk/t/03666FAD,NORMAL
0367,FEB6BF99,https://tantalize.lk/t/FEB6BF99,NORMAL
0368,7E0B0103,https://tantalize.lk/t/7E0B0103,NORMAL
0369,3DDDA538,https://tantalize.lk/t/3DDDA538,NORMAL
0370,131B12E7,https://tantalize.lk/t/131B12E7,NORMAL
0371,8790CBC9,https://tantalize.lk/t/8790CBC9,NORMAL
0372,FE47E022,https://tantalize.lk/t/FE47E022,NORMAL
0373,0A13415C,https://tantalize.lk/t/0A13415C,NORMAL
0374,4A85CA5E,https://tantalize.lk/t/4A85CA5E,NORMAL
0375,169E3C3F,https://tantalize.lk/t/169E3C3F,NORMAL
0376,ECEB6109,https://tantalize.lk/t/ECEB6109,NORMAL
0377,6A6E0A63,https://tantalize.lk/t/6A6E0A63,NORMAL
0378,CEE0E502,https://tantalize.lk/t/CEE0E502,NORMAL
0379,DB946BBB,https://tantalize.lk/t/DB946BBB,NORMAL
0380,F40F3157,https://tantalize.lk/t/F40F3157,NORMAL
0381,42030A41,https://tantalize.lk/t/42030A41,NORMAL
0382,37983246,https://tantalize.lk/t/37983246,NORMAL
0383,29160983,https://tantalize.lk/t/29160983,NORMAL
0384,8F0D4231,https://tantalize.lk/t/8F0D4231,NORMAL
0385,9E37B3C9,https://tantalize.lk/t/9E37B3C9,NORMAL
0386,64E7AC9E,https://tantalize.lk/t/64E7AC9E,NORMAL
0387,B27DABB9,https://tantalize.lk/t/B27DABB9,NORMAL
0388,44B97EDF,https://tantalize.lk/t/44B97EDF,NORMAL
0389,C88EFBAE,https://tantalize.lk/t/C88EFBAE,NORMAL
0390,0678EFE8,https://tantalize.lk/t/0678EFE8,NORMAL
0391,16CF2865,https://tantalize.lk/t/16CF2865,NORMAL
0392,82C423F1,https://tantalize.lk/t/82C423F1,NORMAL
0393,09486200,https://tantalize.lk/t/09486200,NORMAL
0394,B34C2BDF,https://tantalize.lk/t/B34C2BDF,NORMAL
0395,D5141585,https://tantalize.lk/t/D5141585,NORMAL
0396,B1D70A3D,https://tantalize.lk/t/B1D70A3D,NORMAL
0397,2D3F836E,https://tantalize.lk/t/2D3F836E,NORMAL
0398,D19772B8,https://tantalize.lk/t/D19772B8,NORMAL
0399,438C3122,https://tantalize.lk/t/438C3122,NORMAL
0400,CD3F285C,https://tantalize.lk/t/CD3F285C,NORMAL
0401,7695362C,https://tantalize.lk/t/7695362C,NORMAL
0402,A211D821,https://tantalize.lk/t/A211D821,NORMAL
0403,3031D4E6,https://tantalize.lk/t/3031D4E6,NORMAL
0404,710C61C1,https://tantalize.lk/t/710C61C1,NORMAL
0405,690E3BC2,https://tantalize.lk/t/690E3BC2,NORMAL
0406,7184B848,https://tantalize.lk/t/7184B848,NORMAL
0407,41C46D9E,https://tantalize.lk/t/41C46D9E,NORMAL
0408,6A56DC31,https://tantalize.lk/t/6A56DC31,NORMAL
0409,8AA17110,https://tantalize.lk/t/8AA17110,NORMAL
0410,420ED3F6,https://tantalize.lk/t/420ED3F6,NORMAL
0411,2D1E6189,https://tantalize.lk/t/2D1E6189,NORMAL
0412,CA3187C9,https://tantalize.lk/t/CA3187C9,NORMAL
0413,B0B652D3,https://tantalize.lk/t/B0B652D3,NORMAL
0414,D075EE40,https://tantalize.lk/t/D075EE40,NORMAL
0415,61BFC832,https://tantalize.lk/t/61BFC832,NORMAL
0416,EC6F08FD,https://tantalize.lk/t/EC6F08FD,NORMAL
0417,10983015,https://tantalize.lk/t/10983015,NORMAL
0418,3570FBBA,https://tantalize.lk/t/3570FBBA,NORMAL
0419,FE9E3B9E,https://tantalize.lk/t/FE9E3B9E,NORMAL
0420,189972C6,https://tantalize.lk/t/189972C6,NORMAL
0421,2828CD45,https://tantalize.lk/t/2828CD45,NORMAL
0422,4D238360,https://tantalize.lk/t/4D238360,NORMAL
0423,066A2032,https://tantalize.lk/t/066A2032,NORMAL
0424,54D4F949,https://tantalize.lk/t/54D4F949,NORMAL
0425,45AF2FFF,https://tantalize.lk/t/45AF2FFF,NORMAL
0426,6E1A3A25,https://tantalize.lk/t/6E1A3A25,NORMAL
0427,E7B4E0CC,https://tantalize.lk/t/E7B4E0CC,NORMAL
0428,63B280C5,https://tantalize.lk/t/63B280C5,NORMAL
0429,38142E33,https://tantalize.lk/t/38142E33,NORMAL
0430,9C1BB663,https://tantalize.lk/t/9C1BB663,NORMAL
0431,C0C228B5,https://tantalize.lk/t/C0C228B5,NORMAL
0432,B56C926E,https://tantalize.lk/t/B56C926E,NORMAL
0433,B984428E,https://tantalize.lk/t/B984428E,NORMAL
0434,6BFEC988,https://tantalize.lk/t/6BFEC988,NORMAL
0435,FAAADC1F,https://tantalize.lk/t/FAAADC1F,NORMAL
0436,75C711B2,https://tantalize.lk/t/75C711B2,NORMAL
0437,A7A308F7,https://tantalize.lk/t/A7A308F7,NORMAL
0438,C94C8DE8,https://tantalize.lk/t/C94C8DE8,NORMAL
0439,4A4A7F3C,https://tantalize.lk/t/4A4A7F3C,NORMAL
0440,69C054A8,https://tantalize.lk/t/69C054A8,NORMAL
0441,5C9331D6,https://tantalize.lk/t/5C9331D6,NORMAL
0442,52902A36,https://tantalize.lk/t/52902A36,NORMAL
0443,B71F4196,https://tantalize.lk/t/B71F4196,NORMAL
0444,4A2243EE,https://tantalize.lk/t/4A2243EE,NORMAL
0445,D48F5E77,https://tantalize.lk/t/D48F5E77,NORMAL
0446,F438084D,https://tantalize.lk/t/F438084D,NORMAL
0447,F8739967,https://tantalize.lk/t/F8739967,NORMAL
0448,159A8CBB,https://tantalize.lk/t/159A8CBB,NORMAL
0449,53A384A3,https://tantalize.lk/t/53A384A3,NORMAL
0450,86CC1148,https://tantalize.lk/t/86CC1148,NORMAL
0451,D39C22A4,https://tantalize.lk/t/D39C22A4,NORMAL
0452,5ADE24B9,https://tantalize.lk/t/5ADE24B9,NORMAL
0453,2D4DFD2F,https://tantalize.lk/t/2D4DFD2F,NORMAL
0454,9B89AD48,https://tantalize.lk/t/9B89AD48,NORMAL
0455,4BDBF355,https://tantalize.lk/t/4BDBF355,NORMAL
0456,CD633136,https://tantalize.lk/t/CD633136,NORMAL
0457,5F6D4E87,https://tantalize.lk/t/5F6D4E87,NORMAL
0458,2E80030F,https://tantalize.lk/t/2E80030F,NORMAL
0459,2C84BC26,https://tantalize.lk/t/2C84BC26,NORMAL
0460,A0E61884,https://tantalize.lk/t/A0E61884,NORMAL
0461,83BFB435,https://tantalize.lk/t/83BFB435,NORMAL
0462,8A61E67B,https://tantalize.lk/t/8A61E67B,NORMAL
0463,9519E357,https://tantalize.lk/t/9519E357,NORMAL
0464,AE1C2876,https://tantalize.lk/t/AE1C2876,NORMAL
0465,C067A952,https://tantalize.lk/t/C067A952,NORMAL
0466,CF277228,https://tantalize.lk/t/CF277228,NORMAL
0467,BE57040F,https://tantalize.lk/t/BE57040F,NORMAL
0468,C98A4325,https://tantalize.lk/t/C98A4325,NORMAL
0469,CFA22882,https://tantalize.lk/t/CFA22882,NORMAL
0470,CC88BE4B,https://tantalize.lk/t/CC88BE4B,NORMAL
0471,42FBF4FB,https://tantalize.lk/t/42FBF4FB,NORMAL
0472,6732D8E1,https://tantalize.lk/t/6732D8E1,NORMAL
0473,1B71B8EF,https://tantalize.lk/t/1B71B8EF,NORMAL
0474,1638DA1E,https://tantalize.lk/t/1638DA1E,NORMAL
0475,BFD40A43,https://tantalize.lk/t/BFD40A43,NORMAL
0476,FC28FBEF,https://tantalize.lk/t/FC28FBEF,NORMAL
0477,6FE189FF,https://tantalize.lk/t/6FE189FF,NORMAL
0478,F31ACC95,https://tantalize.lk/t/F31ACC95,NORMAL
0479,82DD8396,https://tantalize.lk/t/82DD8396,NORMAL
0480,2C38BF82,https://tantalize.lk/t/2C38BF82,NORMAL
0481,63C8490D,https://tantalize.lk/t/63C8490D,NORMAL
0482,1580F229,https://tantalize.lk/t/1580F229,NORMAL
0483,970021A6,https://tantalize.lk/t/970021A6,NORMAL
0484,12611CBD,https://tantalize.lk/t/12611CBD,NORMAL
0485,FF4C9DBC,https://tantalize.lk/t/FF4C9DBC,NORMAL
0486,0C8AFC25,https://tantalize.lk/t/0C8AFC25,NORMAL
0487,7C3B05B8,https://tantalize.lk/t/7C3B05B8,NORMAL
0488,7D878687,https://tantalize.lk/t/7D878687,NORMAL
0489,8D5E6BE7,https://tantalize.lk/t/8D5E6BE7,NORMAL
0490,BBB28094,https://tantalize.lk/t/BBB28094,NORMAL
0491,68BC2ABB,https://tantalize.lk/t/68BC2ABB,NORMAL
0492,D8B39E27,https://tantalize.lk/t/D8B39E27,NORMAL
0493,7471929C,https://tantalize.lk/t/7471929C,NORMAL
0494,574239D0,https://tantalize.lk/t/574239D0,NORMAL
0495,3E4900FE,https://tantalize.lk/t/3E4900FE,NORMAL
0496,E88DE8CB,https://tantalize.lk/t/E88DE8CB,NORMAL
0497,D56896D1,https://tantalize.lk/t/D56896D1,NORMAL
0498,C4882151,https://tantalize.lk/t/C4882151,NORMAL
0499,82E8B7A0,https://tantalize.lk/t/82E8B7A0,NORMAL
0500,8D0C5E89,https://tantalize.lk/t/8D0C5E89,NORMAL
0501,3C0166E9,https://tantalize.lk/t/3C0166E9,NORMAL
0502,2C32899D,https://tantalize.lk/t/2C32899D,NORMAL
0503,85D8C86A,https://tantalize.lk/t/85D8C86A,NORMAL
0504,21899C01,https://tantalize.lk/t/21899C01,NORMAL
0505,1A0CF7CF,https://tantalize.lk/t/1A0CF7CF,NORMAL
0506,878C0B1A,https://tantalize.lk/t/878C0B1A,NORMAL
0507,8CC448D4,https://tantalize.lk/t/8CC448D4,NORMAL
0508,355C7077,https://tantalize.lk/t/355C7077,NORMAL
0509,6E491F58,https://tantalize.lk/t/6E491F58,NORMAL
0510,8188E777,https://tantalize.lk/t/8188E777,NORMAL
0511,08E979EE,https://tantalize.lk/t/08E979EE,NORMAL
0512,AF60900E,https://tantalize.lk/t/AF60900E,NORMAL
0513,C45E3B6F,https://tantalize.lk/t/C45E3B6F,NORMAL
0514,23627EE1,https://tantalize.lk/t/23627EE1,NORMAL
0515,C24BA64F,https://tantalize.lk/t/C24BA64F,NORMAL
0516,C50B8A08,https://tantalize.lk/t/C50B8A08,NORMAL
0517,C7826111,https://tantalize.lk/t/C7826111,NORMAL
0518,19B705EB,https://tantalize.lk/t/19B705EB,NORMAL
0519,30F5AAFB,https://tantalize.lk/t/30F5AAFB,NORMAL
0520,C9C98424,https://tantalize.lk/t/C9C98424,NORMAL
0521,6CC930E5,https://tantalize.lk/t/6CC930E5,NORMAL
0522,FB227D36,https://tantalize.lk/t/FB227D36,NORMAL
0523,C5E18C83,https://tantalize.lk/t/C5E18C83,NORMAL
0524,F3832989,https://tantalize.lk/t/F3832989,NORMAL
0525,D031074F,https://tantalize.lk/t/D031074F,NORMAL
0526,5C04563F,https://tantalize.lk/t/5C04563F,NORMAL
0527,11A8A697,https://tantalize.lk/t/11A8A697,NORMAL
0528,953035C3,https://tantalize.lk/t/953035C3,NORMAL
0529,FC4407AC,https://tantalize.lk/t/FC4407AC,NORMAL
0530,64857C41,https://tantalize.lk/t/64857C41,NORMAL
0531,4CF31C66,https://tantalize.lk/t/4CF31C66,NORMAL
0532,2B7DF5A2,https://tantalize.lk/t/2B7DF5A2,NORMAL
0533,EC876E8C,https://tantalize.lk/t/EC876E8C,NORMAL
0534,4202CFA0,https://tantalize.lk/t/4202CFA0,NORMAL
0535,2810A1EF,https://tantalize.lk/t/2810A1EF,NORMAL
0536,7BE83E48,https://tantalize.lk/t/7BE83E48,NORMAL
0537,6E792999,https://tantalize.lk/t/6E792999,NORMAL
0538,8CF4D5F9,https://tantalize.lk/t/8CF4D5F9,NORMAL
0539,1C2B7290,https://tantalize.lk/t/1C2B7290,NORMAL
0540,A9B59582,https://tantalize.lk/t/A9B59582,NORMAL
0541,C35A76F8,https://tantalize.lk/t/C35A76F8,NORMAL
0542,431DC901,https://tantalize.lk/t/431DC901,NORMAL
0543,F4F15E54,https://tantalize.lk/t/F4F15E54,NORMAL
0544,72F8B184,https://tantalize.lk/t/72F8B184,NORMAL
0545,C5F16021,https://tantalize.lk/t/C5F16021,NORMAL
0546,4853112A,https://tantalize.lk/t/4853112A,NORMAL
0547,E31BD902,https://tantalize.lk/t/E31BD902,NORMAL
0548,2A424C05,https://tantalize.lk/t/2A424C05,NORMAL
0549,5ACA8C8B,https://tantalize.lk/t/5ACA8C8B,NORMAL
0550,B6F1A1CE,https://tantalize.lk/t/B6F1A1CE,NORMAL
0551,D3A5A668,https://tantalize.lk/t/D3A5A668,NORMAL
0552,845DBF8A,https://tantalize.lk/t/845DBF8A,NORMAL
0553,CF38CE55,https://tantalize.lk/t/CF38CE55,NORMAL
0554,328EEC2D,https://tantalize.lk/t/328EEC2D,NORMAL
0555,E2C71002,https://tantalize.lk/t/E2C71002,NORMAL
0556,FB41C41A,https://tantalize.lk/t/FB41C41A,NORMAL
0557,83356184,https://tantalize.lk/t/83356184,NORMAL
0558,2D87A02B,https://tantalize.lk/t/2D87A02B,NORMAL
0559,E1BC77EA,https://tantalize.lk/t/E1BC77EA,NORMAL
0560,CA03A2F4,https://tantalize.lk/t/CA03A2F4,NORMAL
0561,CCAD1B5E,https://tantalize.lk/t/CCAD1B5E,NORMAL
0562,AC65ADB4,https://tantalize.lk/t/AC65ADB4,NORMAL
0563,11AC47B4,https://tantalize.lk/t/11AC47B4,NORMAL
0564,51AB777C,https://tantalize.lk/t/51AB777C,NORMAL
0565,FE781642,https://tantalize.lk/t/FE781642,NORMAL
0566,C632EB9D,https://tantalize.lk/t/C632EB9D,NORMAL
0567,BED9DD25,https://tantalize.lk/t/BED9DD25,NORMAL
0568,1D70ADAD,https://tantalize.lk/t/1D70ADAD,NORMAL
0569,7AC741D1,https://tantalize.lk/t/7AC741D1,NORMAL
0570,F58D2E32,https://tantalize.lk/t/F58D2E32,NORMAL
0571,2DEF7205,https://tantalize.lk/t/2DEF7205,NORMAL
0572,2212DB3F,https://tantalize.lk/t/2212DB3F,NORMAL
0573,03238883,https://tantalize.lk/t/03238883,NORMAL
0574,931336A9,https://tantalize.lk/t/931336A9,NORMAL
0575,A1CC8622,https://tantalize.lk/t/A1CC8622,NORMAL
0576,35F8AD1D,https://tantalize.lk/t/35F8AD1D,NORMAL
0577,C8ED99A8,https://tantalize.lk/t/C8ED99A8,NORMAL
0578,ADB499C4,https://tantalize.lk/t/ADB499C4,NORMAL
0579,DBC35D50,https://tantalize.lk/t/DBC35D50,NORMAL
0580,87522118,https://tantalize.lk/t/87522118,NORMAL
0581,4D21F92C,https://tantalize.lk/t/4D21F92C,NORMAL
0582,6F782A46,https://tantalize.lk/t/6F782A46,NORMAL
0583,7385E120,https://tantalize.lk/t/7385E120,NORMAL
0584,7686A21F,https://tantalize.lk/t/7686A21F,NORMAL
0585,8DCC81AB,https://tantalize.lk/t/8DCC81AB,NORMAL
0586,97784C5F,https://tantalize.lk/t/97784C5F,NORMAL
0587,FE5C5770,https://tantalize.lk/t/FE5C5770,NORMAL
0588,5E7557DC,https://tantalize.lk/t/5E7557DC,NORMAL
0589,D0700D01,https://tantalize.lk/t/D0700D01,NORMAL
0590,C39EA29E,https://tantalize.lk/t/C39EA29E,NORMAL
0591,23FC1AF4,https://tantalize.lk/t/23FC1AF4,NORMAL
0592,A69F05CA,https://tantalize.lk/t/A69F05CA,NORMAL
0593,32BFE851,https://tantalize.lk/t/32BFE851,NORMAL
0594,2D45AB7B,https://tantalize.lk/t/2D45AB7B,NORMAL
0595,23FF02F0,https://tantalize.lk/t/23FF02F0,NORMAL
0596,FD054A55,https://tantalize.lk/t/FD054A55,NORMAL
0597,43E23E7B,https://tantalize.lk/t/43E23E7B,NORMAL
0598,88A57FC6,https://tantalize.lk/t/88A57FC6,NORMAL
0599,F695E931,https://tantalize.lk/t/F695E931,NORMAL
0600,D33F4C9B,https://tantalize.lk/t/D33F4C9B,NORMAL
0601,B8BEF527,https://tantalize.lk/t/B8BEF527,NORMAL
0602,B9095F53,https://tantalize.lk/t/B9095F53,NORMAL
0603,71664BCE,https://tantalize.lk/t/71664BCE,NORMAL
0604,18737A4E,https://tantalize.lk/t/18737A4E,NORMAL
0605,092D1532,https://tantalize.lk/t/092D1532,NORMAL
0606,79A08E72,https://tantalize.lk/t/79A08E72,NORMAL
0607,5F188639,https://tantalize.lk/t/5F188639,NORMAL
0608,657D2E2D,https://tantalize.lk/t/657D2E2D,NORMAL
0609,A4DF4B04,https://tantalize.lk/t/A4DF4B04,NORMAL
0610,302405FA,https://tantalize.lk/t/302405FA,NORMAL
0611,D078E3C4,https://tantalize.lk/t/D078E3C4,NORMAL
0612,8892E955,https://tantalize.lk/t/8892E955,NORMAL
0613,12C79975,https://tantalize.lk/t/12C79975,NORMAL
0614,7780E12A,https://tantalize.lk/t/7780E12A,NORMAL
0615,A8C67A8F,https://tantalize.lk/t/A8C67A8F,NORMAL
0616,80C1A719,https://tantalize.lk/t/80C1A719,NORMAL
0617,09278317,https://tantalize.lk/t/09278317,NORMAL
0618,ED5B14F2,https://tantalize.lk/t/ED5B14F2,NORMAL
0619,BE5C5F4E,https://tantalize.lk/t/BE5C5F4E,NORMAL
0620,43F8AB7E,https://tantalize.lk/t/43F8AB7E,NORMAL
0621,E16465B4,https://tantalize.lk/t/E16465B4,NORMAL
0622,F2DD5210,https://tantalize.lk/t/F2DD5210,NORMAL
0623,A60C9033,https://tantalize.lk/t/A60C9033,NORMAL
0624,BDC0A7A0,https://tantalize.lk/t/BDC0A7A0,NORMAL
0625,67C5E5C0,https://tantalize.lk/t/67C5E5C0,NORMAL
0626,85CA63FF,https://tantalize.lk/t/85CA63FF,NORMAL
0627,4DA2712D,https://tantalize.lk/t/4DA2712D,NORMAL
0628,4DBBA58C,https://tantalize.lk/t/4DBBA58C,NORMAL
0629,2E0B4195,https://tantalize.lk/t/2E0B4195,NORMAL
0630,B20CFCCC,https://tantalize.lk/t/B20CFCCC,NORMAL
0631,BA85CF23,https://tantalize.lk/t/BA85CF23,NORMAL
0632,4E404F91,https://tantalize.lk/t/4E404F91,NORMAL
0633,F174B4C6,https://tantalize.lk/t/F174B4C6,NORMAL
0634,719C963A,https://tantalize.lk/t/719C963A,NORMAL
0635,80047F2B,https://tantalize.lk/t/80047F2B,NORMAL
0636,FD2B53C0,https://tantalize.lk/t/FD2B53C0,NORMAL
0637,574EF17D,https://tantalize.lk/t/574EF17D,NORMAL
0638,AD6AFC43,https://tantalize.lk/t/AD6AFC43,NORMAL
0639,A6F39A5D,https://tantalize.lk/t/A6F39A5D,NORMAL
0640,2C092BC4,https://tantalize.lk/t/2C092BC4,NORMAL
0641,8154BF90,https://tantalize.lk/t/8154BF90,NORMAL
0642,FE17C12F,https://tantalize.lk/t/FE17C12F,NORMAL
0643,8E6A7B8B,https://tantalize.lk/t/8E6A7B8B,NORMAL
0644,047C485C,https://tantalize.lk/t/047C485C,NORMAL
0645,C4B49D34,https://tantalize.lk/t/C4B49D34,NORMAL
0646,24F4B46D,https://tantalize.lk/t/24F4B46D,NORMAL
0647,0CDEBDBC,https://tantalize.lk/t/0CDEBDBC,NORMAL
0648,2AE04765,https://tantalize.lk/t/2AE04765,NORMAL
0649,BE3957A7,https://tantalize.lk/t/BE3957A7,NORMAL
0650,B762375A,https://tantalize.lk/t/B762375A,NORMAL
0651,AA6C3FB9,https://tantalize.lk/t/AA6C3FB9,NORMAL
0652,6582921A,https://tantalize.lk/t/6582921A,NORMAL
0653,7A180BDC,https://tantalize.lk/t/7A180BDC,NORMAL
0654,84D6E511,https://tantalize.lk/t/84D6E511,NORMAL
0655,4726D5D9,https://tantalize.lk/t/4726D5D9,NORMAL
0656,E8269F5F,https://tantalize.lk/t/E8269F5F,NORMAL
0657,B9592493,https://tantalize.lk/t/B9592493,NORMAL
0658,6CFD5928,https://tantalize.lk/t/6CFD5928,NORMAL
0659,D5299646,https://tantalize.lk/t/D5299646,NORMAL
0660,42CE999A,https://tantalize.lk/t/42CE999A,NORMAL
0661,0C195147,https://tantalize.lk/t/0C195147,NORMAL
0662,FBD39C83,https://tantalize.lk/t/FBD39C83,NORMAL
0663,E18EB9F9,https://tantalize.lk/t/E18EB9F9,NORMAL
0664,47A6CF3F,https://tantalize.lk/t/47A6CF3F,NORMAL
0665,2E40AA6C,https://tantalize.lk/t/2E40AA6C,NORMAL
0666,FFBDE994,https://tantalize.lk/t/FFBDE994,NORMAL
0667,17BC27E4,https://tantalize.lk/t/17BC27E4,NORMAL
0668,1D068CF6,https://tantalize.lk/t/1D068CF6,NORMAL
0669,E1E140D6,https://tantalize.lk/t/E1E140D6,NORMAL
0670,E6884E44,https://tantalize.lk/t/E6884E44,NORMAL
0671,92208A9D,https://tantalize.lk/t/92208A9D,NORMAL
0672,AF7A6F6A,https://tantalize.lk/t/AF7A6F6A,NORMAL
0673,A43D24AB,https://tantalize.lk/t/A43D24AB,NORMAL
0674,458D9B0E,https://tantalize.lk/t/458D9B0E,NORMAL
0675,8B46331E,https://tantalize.lk/t/8B46331E,NORMAL
0676,A82809ED,https://tantalize.lk/t/A82809ED,NORMAL
0677,E4E09687,https://tantalize.lk/t/E4E09687,NORMAL
0678,B7D863A3,https://tantalize.lk/t/B7D863A3,NORMAL
0679,1263E2AA,https://tantalize.lk/t/1263E2AA,NORMAL
0680,6191F758,https://tantalize.lk/t/6191F758,NORMAL
0681,D9CB3B9F,https://tantalize.lk/t/D9CB3B9F,NORMAL
0682,6851850C,https://tantalize.lk/t/6851850C,NORMAL
0683,8D526521,https://tantalize.lk/t/8D526521,NORMAL
0684,E87B61C3,https://tantalize.lk/t/E87B61C3,NORMAL
0685,39D3E65D,https://tantalize.lk/t/39D3E65D,NORMAL
0686,D7BDD5C8,https://tantalize.lk/t/D7BDD5C8,NORMAL
0687,C2A58581,https://tantalize.lk/t/C2A58581,NORMAL
0688,8C9165C1,https://tantalize.lk/t/8C9165C1,NORMAL
0689,E39B827D,https://tantalize.lk/t/E39B827D,NORMAL
0690,73DBAD98,https://tantalize.lk/t/73DBAD98,NORMAL
0691,615260A1,https://tantalize.lk/t/615260A1,NORMAL
0692,80949530,https://tantalize.lk/t/80949530,NORMAL
0693,C43C5153,https://tantalize.lk/t/C43C5153,NORMAL
0694,99987A1A,https://tantalize.lk/t/99987A1A,NORMAL
0695,492E0806,https://tantalize.lk/t/492E0806,NORMAL
0696,667C0E8E,https://tantalize.lk/t/667C0E8E,NORMAL
0697,A005E1A1,https://tantalize.lk/t/A005E1A1,NORMAL
0698,B1652842,https://tantalize.lk/t/B1652842,NORMAL
0699,60A86BCF,https://tantalize.lk/t/60A86BCF,NORMAL
0700,AF37C67E,https://tantalize.lk/t/AF37C67E,NORMAL
0701,44F21555,https://tantalize.lk/t/44F21555,NORMAL
0702,982EDAF2,https://tantalize.lk/t/982EDAF2,NORMAL
0703,5693BB9B,https://tantalize.lk/t/5693BB9B,NORMAL
0704,428778F1,https://tantalize.lk/t/428778F1,NORMAL
0705,24E40885,https://tantalize.lk/t/24E40885,NORMAL
0706,B4CBFFD1,https://tantalize.lk/t/B4CBFFD1,NORMAL
0707,7665F2C9,https://tantalize.lk/t/7665F2C9,NORMAL
0708,B1ECFDF3,https://tantalize.lk/t/B1ECFDF3,NORMAL
0709,6202FF8F,https://tantalize.lk/t/6202FF8F,NORMAL
0710,021E47B6,https://tantalize.lk/t/021E47B6,NORMAL
0711,907CC7F3,https://tantalize.lk/t/907CC7F3,NORMAL
0712,32E5BD22,https://tantalize.lk/t/32E5BD22,NORMAL
0713,4ACC5112,https://tantalize.lk/t/4ACC5112,NORMAL
0714,D9B7209D,https://tantalize.lk/t/D9B7209D,NORMAL
0715,C41FB5A5,https://tantalize.lk/t/C41FB5A5,NORMAL
0716,90A59BD8,https://tantalize.lk/t/90A59BD8,NORMAL
0717,65510DB4,https://tantalize.lk/t/65510DB4,NORMAL
0718,AED5005F,https://tantalize.lk/t/AED5005F,NORMAL
0719,601F09EE,https://tantalize.lk/t/601F09EE,NORMAL
0720,48E99D78,https://tantalize.lk/t/48E99D78,NORMAL
0721,7884B969,https://tantalize.lk/t/7884B969,NORMAL
0722,90E02177,https://tantalize.lk/t/90E02177,NORMAL
0723,8DAF990A,https://tantalize.lk/t/8DAF990A,NORMAL
0724,1F08774B,https://tantalize.lk/t/1F08774B,NORMAL
0725,1BEA1327,https://tantalize.lk/t/1BEA1327,NORMAL
0726,A3F0532F,https://tantalize.lk/t/A3F0532F,NORMAL
0727,E07F9057,https://tantalize.lk/t/E07F9057,NORMAL
0728,D4A10FAF,https://tantalize.lk/t/D4A10FAF,NORMAL
0729,28BF3626,https://tantalize.lk/t/28BF3626,NORMAL
0730,2B0AA86B,https://tantalize.lk/t/2B0AA86B,NORMAL
0731,8BAA6252,https://tantalize.lk/t/8BAA6252,NORMAL
0732,6ECA8377,https://tantalize.lk/t/6ECA8377,NORMAL
0733,4DC89CAB,https://tantalize.lk/t/4DC89CAB,NORMAL
0734,402C2BD1,https://tantalize.lk/t/402C2BD1,NORMAL
0735,16947643,https://tantalize.lk/t/16947643,NORMAL
0736,F77C7920,https://tantalize.lk/t/F77C7920,NORMAL
0737,19EF7DBF,https://tantalize.lk/t/19EF7DBF,NORMAL
0738,2BF7E210,https://tantalize.lk/t/2BF7E210,NORMAL
0739,99A2F08E,https://tantalize.lk/t/99A2F08E,NORMAL
0740,8F60643B,https://tantalize.lk/t/8F60643B,NORMAL
0741,70C6D63D,https://tantalize.lk/t/70C6D63D,NORMAL
0742,1EE87AFB,https://tantalize.lk/t/1EE87AFB,NORMAL
0743,0BF899C3,https://tantalize.lk/t/0BF899C3,NORMAL
0744,8268160B,https://tantalize.lk/t/8268160B,NORMAL
0745,A9AE29D1,https://tantalize.lk/t/A9AE29D1,NORMAL
0746,FB2657D4,https://tantalize.lk/t/FB2657D4,NORMAL
0747,89DF7593,https://tantalize.lk/t/89DF7593,NORMAL
0748,498AFBB1,https://tantalize.lk/t/498AFBB1,NORMAL
0749,35CBC069,https://tantalize.lk/t/35CBC069,NORMAL
0750,EE7D1E9B,https://tantalize.lk/t/EE7D1E9B,NORMAL
0751,28BD86EB,https://tantalize.lk/t/28BD86EB,NORMAL
0752,80F7D257,https://tantalize.lk/t/80F7D257,NORMAL
0753,F3DC5B62,https://tantalize.lk/t/F3DC5B62,NORMAL
0754,F52189E6,https://tantalize.lk/t/F52189E6,NORMAL
0755,3CC9584A,https://tantalize.lk/t/3CC9584A,NORMAL
0756,A57DB87F,https://tantalize.lk/t/A57DB87F,NORMAL
0757,F381655C,https://tantalize.lk/t/F381655C,NORMAL
0758,BD4F8C71,https://tantalize.lk/t/BD4F8C71,NORMAL
0759,40EE8B74,https://tantalize.lk/t/40EE8B74,NORMAL
0760,1F85A5F9,https://tantalize.lk/t/1F85A5F9,NORMAL
0761,A30DE992,https://tantalize.lk/t/A30DE992,NORMAL
0762,6B30B00D,https://tantalize.lk/t/6B30B00D,NORMAL
0763,943A217E,https://tantalize.lk/t/943A217E,NORMAL
0764,2860DDBE,https://tantalize.lk/t/2860DDBE,NORMAL
0765,79F67E39,https://tantalize.lk/t/79F67E39,NORMAL
0766,9A50E19B,https://tantalize.lk/t/9A50E19B,NORMAL
0767,04A39DB4,https://tantalize.lk/t/04A39DB4,NORMAL
0768,7ACB723D,https://tantalize.lk/t/7ACB723D,NORMAL
0769,29788F33,https://tantalize.lk/t/29788F33,NORMAL
0770,76EA808F,https://tantalize.lk/t/76EA808F,NORMAL
0771,F3DDC37C,https://tantalize.lk/t/F3DDC37C,NORMAL
0772,E23899E9,https://tantalize.lk/t/E23899E9,NORMAL
0773,D98E7F85,https://tantalize.lk/t/D98E7F85,NORMAL
0774,0C46710D,https://tantalize.lk/t/0C46710D,NORMAL
0775,C78FC196,https://tantalize.lk/t/C78FC196,NORMAL
0776,674E5EEE,https://tantalize.lk/t/674E5EEE,NORMAL
0777,741D41A9,https://tantalize.lk/t/741D41A9,NORMAL
0778,61295132,https://tantalize.lk/t/61295132,NORMAL
0779,712D3066,https://tantalize.lk/t/712D3066,NORMAL
0780,BDBE93B8,https://tantalize.lk/t/BDBE93B8,NORMAL
0781,491DFC14,https://tantalize.lk/t/491DFC14,NORMAL
0782,90E25873,https://tantalize.lk/t/90E25873,NORMAL
0783,A845BBA8,https://tantalize.lk/t/A845BBA8,NORMAL
0784,36F092CD,https://tantalize.lk/t/36F092CD,NORMAL
0785,7AB7F109,https://tantalize.lk/t/7AB7F109,NORMAL
0786,B5E894E0,https://tantalize.lk/t/B5E894E0,NORMAL
0787,45A0B689,https://tantalize.lk/t/45A0B689,NORMAL
0788,F08FBA28,https://tantalize.lk/t/F08FBA28,NORMAL
0789,DEA501D2,https://tantalize.lk/t/DEA501D2,NORMAL
0790,C65993E9,https://tantalize.lk/t/C65993E9,NORMAL
0791,41CC5AC9,https://tantalize.lk/t/41CC5AC9,NORMAL
0792,A19307C6,https://tantalize.lk/t/A19307C6,NORMAL
0793,8F7CA03F,https://tantalize.lk/t/8F7CA03F,NORMAL
0794,2C24372A,https://tantalize.lk/t/2C24372A,NORMAL
0795,29AA3563,https://tantalize.lk/t/29AA3563,NORMAL
0796,29B15029,https://tantalize.lk/t/29B15029,NORMAL
0797,24BC06B0,https://tantalize.lk/t/24BC06B0,NORMAL
0798,F1DA32DA,https://tantalize.lk/t/F1DA32DA,NORMAL
0799,1D884DD4,https://tantalize.lk/t/1D884DD4,NORMAL
0800,8840389E,https://tantalize.lk/t/8840389E,NORMAL
0801,541DE4B0,https://tantalize.lk/t/541DE4B0,NORMAL
0802,C679C6B8,https://tantalize.lk/t/C679C6B8,NORMAL
0803,ED7A0941,https://tantalize.lk/t/ED7A0941,NORMAL
0804,6D3145C1,https://tantalize.lk/t/6D3145C1,NORMAL
0805,42A65FB4,https://tantalize.lk/t/42A65FB4,NORMAL
0806,14311EDB,https://tantalize.lk/t/14311EDB,NORMAL
0807,C0CC68C2,https://tantalize.lk/t/C0CC68C2,NORMAL
0808,2F7F48D1,https://tantalize.lk/t/2F7F48D1,NORMAL
0809,D6D6D794,https://tantalize.lk/t/D6D6D794,NORMAL
0810,6B30EE93,https://tantalize.lk/t/6B30EE93,NORMAL
0811,F58D7AD3,https://tantalize.lk/t/F58D7AD3,NORMAL
0812,F3D8059E,https://tantalize.lk/t/F3D8059E,NORMAL
0813,11499BDB,https://tantalize.lk/t/11499BDB,NORMAL
0814,60C6833A,https://tantalize.lk/t/60C6833A,NORMAL
0815,60CB020E,https://tantalize.lk/t/60CB020E,NORMAL
0816,DFA3933A,https://tantalize.lk/t/DFA3933A,NORMAL
0817,FEEC0511,https://tantalize.lk/t/FEEC0511,NORMAL
0818,BFDCEAD2,https://tantalize.lk/t/BFDCEAD2,NORMAL
0819,93EA9EC3,https://tantalize.lk/t/93EA9EC3,NORMAL
0820,5A8A68D6,https://tantalize.lk/t/5A8A68D6,NORMAL
0821,34E39E79,https://tantalize.lk/t/34E39E79,NORMAL
0822,7D3E2305,https://tantalize.lk/t/7D3E2305,NORMAL
0823,0C52C07D,https://tantalize.lk/t/0C52C07D,NORMAL
0824,CA9CA025,https://tantalize.lk/t/CA9CA025,NORMAL
0825,A267B15E,https://tantalize.lk/t/A267B15E,NORMAL
0826,9ADFEB98,https://tantalize.lk/t/9ADFEB98,NORMAL
0827,707D863D,https://tantalize.lk/t/707D863D,NORMAL
0828,AD76733B,https://tantalize.lk/t/AD76733B,NORMAL
0829,9C3BA8E9,https://tantalize.lk/t/9C3BA8E9,NORMAL
0830,CDF948CA,https://tantalize.lk/t/CDF948CA,NORMAL
0831,64101E36,https://tantalize.lk/t/64101E36,NORMAL
0832,0C69B8CF,https://tantalize.lk/t/0C69B8CF,NORMAL
0833,3F9ECE78,https://tantalize.lk/t/3F9ECE78,NORMAL
0834,BB5D40F3,https://tantalize.lk/t/BB5D40F3,NORMAL
0835,64E5A263,https://tantalize.lk/t/64E5A263,NORMAL
0836,B0AB463C,https://tantalize.lk/t/B0AB463C,NORMAL
0837,31C24717,https://tantalize.lk/t/31C24717,NORMAL
0838,4C02A9D7,https://tantalize.lk/t/4C02A9D7,NORMAL
0839,DC78E0DE,https://tantalize.lk/t/DC78E0DE,NORMAL
0840,13EB3832,https://tantalize.lk/t/13EB3832,NORMAL
0841,CCBF7DD9,https://tantalize.lk/t/CCBF7DD9,NORMAL
0842,EAFEBB7B,https://tantalize.lk/t/EAFEBB7B,NORMAL
0843,E865ED13,https://tantalize.lk/t/E865ED13,NORMAL
0844,4226FA01,https://tantalize.lk/t/4226FA01,NORMAL
0845,E3A35777,https://tantalize.lk/t/E3A35777,NORMAL
0846,C51685D4,https://tantalize.lk/t/C51685D4,NORMAL
0847,B7CC04F7,https://tantalize.lk/t/B7CC04F7,NORMAL
0848,DA2398AA,https://tantalize.lk/t/DA2398AA,NORMAL
0849,EB368C71,https://tantalize.lk/t/EB368C71,NORMAL
0850,C6F27E93,https://tantalize.lk/t/C6F27E93,NORMAL
0851,C0B150B9,https://tantalize.lk/t/C0B150B9,NORMAL
0852,C8065FFB,https://tantalize.lk/t/C8065FFB,NORMAL
0853,E7DF21A9,https://tantalize.lk/t/E7DF21A9,NORMAL
0854,26F7CA62,https://tantalize.lk/t/26F7CA62,NORMAL
0855,070E5640,https://tantalize.lk/t/070E5640,NORMAL
0856,20F661AD,https://tantalize.lk/t/20F661AD,NORMAL
0857,B0781074,https://tantalize.lk/t/B0781074,NORMAL
0858,C9011898,https://tantalize.lk/t/C9011898,NORMAL
0859,678CA658,https://tantalize.lk/t/678CA658,NORMAL
0860,5577770D,https://tantalize.lk/t/5577770D,NORMAL
0861,E0A1F65F,https://tantalize.lk/t/E0A1F65F,NORMAL
0862,882D5067,https://tantalize.lk/t/882D5067,NORMAL
0863,B8978203,https://tantalize.lk/t/B8978203,NORMAL
0864,02472EBC,https://tantalize.lk/t/02472EBC,NORMAL
0865,52B7AB19,https://tantalize.lk/t/52B7AB19,NORMAL
0866,D0924253,https://tantalize.lk/t/D0924253,NORMAL
0867,F226C30C,https://tantalize.lk/t/F226C30C,NORMAL
0868,72FC6FAF,https://tantalize.lk/t/72FC6FAF,NORMAL
0869,C1274BE3,https://tantalize.lk/t/C1274BE3,NORMAL
0870,0FA1DD45,https://tantalize.lk/t/0FA1DD45,NORMAL
0871,61636863,https://tantalize.lk/t/61636863,NORMAL
0872,25F0E14C,https://tantalize.lk/t/25F0E14C,NORMAL
0873,59FE8A98,https://tantalize.lk/t/59FE8A98,NORMAL
0874,466E1481,https://tantalize.lk/t/466E1481,NORMAL
0875,9B92A0FC,https://tantalize.lk/t/9B92A0FC,NORMAL
0876,428C48F4,https://tantalize.lk/t/428C48F4,NORMAL
0877,B41FFC00,https://tantalize.lk/t/B41FFC00,NORMAL
0878,008723FD,https://tantalize.lk/t/008723FD,NORMAL
0879,FEA80D89,https://tantalize.lk/t/FEA80D89,NORMAL
0880,14324532,https://tantalize.lk/t/14324532,NORMAL
0881,4CB5BDB7,https://tantalize.lk/t/4CB5BDB7,NORMAL
0882,D7AE938C,https://tantalize.lk/t/D7AE938C,NORMAL
0883,12303E9C,https://tantalize.lk/t/12303E9C,NORMAL
0884,58B66643,https://tantalize.lk/t/58B66643,NORMAL
0885,2363A8DF,https://tantalize.lk/t/2363A8DF,NORMAL
0886,F0BA56E9,https://tantalize.lk/t/F0BA56E9,NORMAL
0887,6903D25A,https://tantalize.lk/t/6903D25A,NORMAL
0888,3A9DAEC0,https://tantalize.lk/t/3A9DAEC0,NORMAL
0889,07684458,https://tantalize.lk/t/07684458,NORMAL
0890,3562147F,https://tantalize.lk/t/3562147F,NORMAL
0891,AF8D7DAB,https://tantalize.lk/t/AF8D7DAB,NORMAL
0892,45404DC2,https://tantalize.lk/t/45404DC2,NORMAL
0893,DF27170A,https://tantalize.lk/t/DF27170A,NORMAL
0894,02BE5591,https://tantalize.lk/t/02BE5591,NORMAL
0895,344A02E7,https://tantalize.lk/t/344A02E7,NORMAL
0896,EA0229A6,https://tantalize.lk/t/EA0229A6,NORMAL
0897,6FEBE1A2,https://tantalize.lk/t/6FEBE1A2,NORMAL
0898,10A15A20,https://tantalize.lk/t/10A15A20,NORMAL
0899,DED0338B,https://tantalize.lk/t/DED0338B,NORMAL
0900,F76AC0AB,https://tantalize.lk/t/F76AC0AB,NORMAL
0901,34204D89,https://tantalize.lk/t/34204D89,NORMAL
0902,5237158A,https://tantalize.lk/t/5237158A,NORMAL
0903,ACE88BD0,https://tantalize.lk/t/ACE88BD0,NORMAL
0904,E62F5CE6,https://tantalize.lk/t/E62F5CE6,NORMAL
0905,EBF62409,https://tantalize.lk/t/EBF62409,NORMAL
0906,697F6390,https://tantalize.lk/t/697F6390,NORMAL
0907,F602A066,https://tantalize.lk/t/F602A066,NORMAL
0908,82E34EAE,https://tantalize.lk/t/82E34EAE,NORMAL
0909,A5E5E3D7,https://tantalize.lk/t/A5E5E3D7,NORMAL
0910,C03EDF00,https://tantalize.lk/t/C03EDF00,NORMAL
0911,F12AD462,https://tantalize.lk/t/F12AD462,NORMAL
0912,78727026,https://tantalize.lk/t/78727026,NORMAL
0913,6B5EB643,https://tantalize.lk/t/6B5EB643,NORMAL
0914,832F74F9,https://tantalize.lk/t/832F74F9,NORMAL
0915,A373E044,https://tantalize.lk/t/A373E044,NORMAL
0916,FF15BE6C,https://tantalize.lk/t/FF15BE6C,NORMAL
0917,69AEEDCD,https://tantalize.lk/t/69AEEDCD,NORMAL
0918,452532A0,https://tantalize.lk/t/452532A0,NORMAL
0919,01CF6DB5,https://tantalize.lk/t/01CF6DB5,NORMAL
0920,D43E23CB,https://tantalize.lk/t/D43E23CB,NORMAL
0921,E4AC35BD,https://tantalize.lk/t/E4AC35BD,NORMAL
0922,2A828754,https://tantalize.lk/t/2A828754,NORMAL
0923,38464DAA,https://tantalize.lk/t/38464DAA,NORMAL
0924,82B1B0A9,https://tantalize.lk/t/82B1B0A9,NORMAL
0925,5B9C44C7,https://tantalize.lk/t/5B9C44C7,NORMAL
0926,2B1213A0,https://tantalize.lk/t/2B1213A0,NORMAL
0927,F20F73DA,https://tantalize.lk/t/F20F73DA,NORMAL
0928,B92FB3D6,https://tantalize.lk/t/B92FB3D6,NORMAL
0929,A2042A49,https://tantalize.lk/t/A2042A49,NORMAL
0930,D83DC48A,https://tantalize.lk/t/D83DC48A,NORMAL
0931,7897C808,https://tantalize.lk/t/7897C808,NORMAL
0932,3A4F8C4C,https://tantalize.lk/t/3A4F8C4C,NORMAL
0933,0EDBDA04,https://tantalize.lk/t/0EDBDA04,NORMAL
0934,BF9DAD05,https://tantalize.lk/t/BF9DAD05,NORMAL
0935,33855510,https://tantalize.lk/t/33855510,NORMAL
0936,8C64259E,https://tantalize.lk/t/8C64259E,NORMAL
0937,03A8130B,https://tantalize.lk/t/03A8130B,NORMAL
0938,71DCFE4E,https://tantalize.lk/t/71DCFE4E,NORMAL
0939,2D72F747,https://tantalize.lk/t/2D72F747,NORMAL
0940,C769C6FB,https://tantalize.lk/t/C769C6FB,NORMAL
0941,386B7809,https://tantalize.lk/t/386B7809,NORMAL
0942,50EE3933,https://tantalize.lk/t/50EE3933,NORMAL
0943,3950D125,https://tantalize.lk/t/3950D125,NORMAL
0944,13DE1FA9,https://tantalize.lk/t/13DE1FA9,NORMAL
0945,D8170B62,https://tantalize.lk/t/D8170B62,NORMAL
0946,C1463834,https://tantalize.lk/t/C1463834,NORMAL
0947,BC871F8F,https://tantalize.lk/t/BC871F8F,NORMAL
0948,96B3B378,https://tantalize.lk/t/96B3B378,NORMAL
0949,9B549E87,https://tantalize.lk/t/9B549E87,NORMAL
0950,7A7BCFCA,https://tantalize.lk/t/7A7BCFCA,NORMAL
0951,C08535F8,https://tantalize.lk/t/C08535F8,NORMAL
0952,3AEABD81,https://tantalize.lk/t/3AEABD81,NORMAL
0953,08AF3ACC,https://tantalize.lk/t/08AF3ACC,NORMAL
0954,097B6D8D,https://tantalize.lk/t/097B6D8D,NORMAL
0955,49AA20ED,https://tantalize.lk/t/49AA20ED,NORMAL
0956,C24D7D68,https://tantalize.lk/t/C24D7D68,NORMAL
0957,18EE2145,https://tantalize.lk/t/18EE2145,NORMAL
0958,CDA81275,https://tantalize.lk/t/CDA81275,NORMAL
0959,472F002F,https://tantalize.lk/t/472F002F,NORMAL
0960,B61BEEA3,https://tantalize.lk/t/B61BEEA3,NORMAL
0961,5D8ED1D2,https://tantalize.lk/t/5D8ED1D2,NORMAL
0962,4BB67CF1,https://tantalize.lk/t/4BB67CF1,NORMAL
0963,18B73EE2,https://tantalize.lk/t/18B73EE2,NORMAL
0964,FD3B6CAC,https://tantalize.lk/t/FD3B6CAC,NORMAL
0965,1A5F489A,https://tantalize.lk/t/1A5F489A,NORMAL
0966,E0002976,https://tantalize.lk/t/E0002976,NORMAL
0967,B22D6032,https://tantalize.lk/t/B22D6032,NORMAL
0968,D54BA259,https://tantalize.lk/t/D54BA259,NORMAL
0969,089D846B,https://tantalize.lk/t/089D846B,NORMAL
0970,508C6030,https://tantalize.lk/t/508C6030,NORMAL
0971,5F5F0370,https://tantalize.lk/t/5F5F0370,NORMAL
0972,D812F197,https://tantalize.lk/t/D812F197,NORMAL
0973,63C34971,https://tantalize.lk/t/63C34971,NORMAL
0974,87D8FDFF,https://tantalize.lk/t/87D8FDFF,NORMAL
0975,E476C5CF,https://tantalize.lk/t/E476C5CF,NORMAL
0976,9E8576D6,https://tantalize.lk/t/9E8576D6,NORMAL
0977,30D93CE7,https://tantalize.lk/t/30D93CE7,NORMAL
0978,DB533D0D,https://tantalize.lk/t/DB533D0D,NORMAL
0979,7E98D127,https://tantalize.lk/t/7E98D127,NORMAL
0980,0F04719E,https://tantalize.lk/t/0F04719E,NORMAL
0981,1D24B291,https://tantalize.lk/t/1D24B291,NORMAL
0982,C52C8E2B,https://tantalize.lk/t/C52C8E2B,NORMAL
0983,A99AE1A7,https://tantalize.lk/t/A99AE1A7,NORMAL
0984,A802FB92,https://tantalize.lk/t/A802FB92,NORMAL
0985,610F4DF1,https://tantalize.lk/t/610F4DF1,NORMAL
0986,BF5EB39A,https://tantalize.lk/t/BF5EB39A,NORMAL
0987,ACF38951,https://tantalize.lk/t/ACF38951,NORMAL
0988,46AAF6AB,https://tantalize.lk/t/46AAF6AB,NORMAL
0989,F6BD435E,https://tantalize.lk/t/F6BD435E,NORMAL
0990,53D3AF35,https://tantalize.lk/t/53D3AF35,NORMAL
0991,EC49D848,https://tantalize.lk/t/EC49D848,NORMAL
0992,55FA0FC9,https://tantalize.lk/t/55FA0FC9,NORMAL
0993,AA2860BD,https://tantalize.lk/t/AA2860BD,NORMAL
0994,D0604737,https://tantalize.lk/t/D0604737,NORMAL
0995,3559D3B3,https://tantalize.lk/t/3559D3B3,NORMAL
0996,05BE06E7,https://tantalize.lk/t/05BE06E7,NORMAL
0997,91602849,https://tantalize.lk/t/91602849,NORMAL
0998,0DA2EECA,https://tantalize.lk/t/0DA2EECA,NORMAL
0999,31933390,https://tantalize.lk/t/31933390,NORMAL
1000,84020722,https://tantalize.lk/t/84020722,NORMAL
1001,C5596C45,https://tantalize.lk/t/C5596C45,NORMAL
1002,7A62614D,https://tantalize.lk/t/7A62614D,NORMAL
1003,3F8AEF14,https://tantalize.lk/t/3F8AEF14,NORMAL
1004,C9AEB874,https://tantalize.lk/t/C9AEB874,NORMAL
1005,F7574997,https://tantalize.lk/t/F7574997,NORMAL
1006,865972CF,https://tantalize.lk/t/865972CF,NORMAL
1007,47FCCF6C,https://tantalize.lk/t/47FCCF6C,NORMAL
1008,0E54A8B2,https://tantalize.lk/t/0E54A8B2,NORMAL
1009,5D201AD1,https://tantalize.lk/t/5D201AD1,NORMAL
1010,F120F844,https://tantalize.lk/t/F120F844,NORMAL
1011,43E04653,https://tantalize.lk/t/43E04653,NORMAL
1012,C1688A19,https://tantalize.lk/t/C1688A19,NORMAL
1013,18ADAD84,https://tantalize.lk/t/18ADAD84,NORMAL
1014,8341C842,https://tantalize.lk/t/8341C842,NORMAL
1015,0D610A92,https://tantalize.lk/t/0D610A92,NORMAL
1016,A78CDC9A,https://tantalize.lk/t/A78CDC9A,NORMAL
1017,D31D4844,https://tantalize.lk/t/D31D4844,NORMAL
1018,518BF960,https://tantalize.lk/t/518BF960,NORMAL
1019,2AF97490,https://tantalize.lk/t/2AF97490,NORMAL
1020,4A8ACB71,https://tantalize.lk/t/4A8ACB71,NORMAL
1021,C33FA658,https://tantalize.lk/t/C33FA658,NORMAL
1022,28EF4A15,https://tantalize.lk/t/28EF4A15,NORMAL
1023,20F05433,https://tantalize.lk/t/20F05433,NORMAL
1024,A8B056C3,https://tantalize.lk/t/A8B056C3,NORMAL
1025,E05539E3,https://tantalize.lk/t/E05539E3,NORMAL
1026,9CBFEC3D,https://tantalize.lk/t/9CBFEC3D,NORMAL
1027,1C4B8EA4,https://tantalize.lk/t/1C4B8EA4,NORMAL
1028,247B77BF,https://tantalize.lk/t/247B77BF,NORMAL
1029,C8B69CA9,https://tantalize.lk/t/C8B69CA9,NORMAL
1030,6E48F22E,https://tantalize.lk/t/6E48F22E,NORMAL
1031,5AF2C2E0,https://tantalize.lk/t/5AF2C2E0,NORMAL
1032,A30AC7DA,https://tantalize.lk/t/A30AC7DA,NORMAL
1033,D8F251ED,https://tantalize.lk/t/D8F251ED,NORMAL
1034,26C7AE9A,https://tantalize.lk/t/26C7AE9A,NORMAL
1035,47DB85DE,https://tantalize.lk/t/47DB85DE,NORMAL
1036,ACDD623C,https://tantalize.lk/t/ACDD623C,NORMAL
1037,E06010E8,https://tantalize.lk/t/E06010E8,NORMAL
1038,815FA52C,https://tantalize.lk/t/815FA52C,NORMAL
1039,911F62A2,https://tantalize.lk/t/911F62A2,NORMAL
1040,4BBA068C,https://tantalize.lk/t/4BBA068C,NORMAL
1041,A870962D,https://tantalize.lk/t/A870962D,NORMAL
1042,3B90B70E,https://tantalize.lk/t/3B90B70E,NORMAL
1043,E1C6CF7B,https://tantalize.lk/t/E1C6CF7B,NORMAL
1044,10B444B2,https://tantalize.lk/t/10B444B2,NORMAL
1045,4CFA2A1C,https://tantalize.lk/t/4CFA2A1C,NORMAL
1046,3A17D44B,https://tantalize.lk/t/3A17D44B,NORMAL
1047,3E51016A,https://tantalize.lk/t/3E51016A,NORMAL
1048,866D4FC4,https://tantalize.lk/t/866D4FC4,NORMAL
1049,D5412914,https://tantalize.lk/t/D5412914,NORMAL
1050,3F81FB78,https://tantalize.lk/t/3F81FB78,NORMAL
1051,D804D410,https://tantalize.lk/t/D804D410,NORMAL
1052,7A1BF52D,https://tantalize.lk/t/7A1BF52D,NORMAL
1053,14F2CB68,https://tantalize.lk/t/14F2CB68,NORMAL
1054,E7A529B3,https://tantalize.lk/t/E7A529B3,NORMAL
1055,295B1714,https://tantalize.lk/t/295B1714,NORMAL
1056,B7ED0DBD,https://tantalize.lk/t/B7ED0DBD,NORMAL
1057,8257CAA4,https://tantalize.lk/t/8257CAA4,NORMAL
1058,BC83DBB4,https://tantalize.lk/t/BC83DBB4,NORMAL
1059,812FB9AD,https://tantalize.lk/t/812FB9AD,NORMAL
1060,6DE7F326,https://tantalize.lk/t/6DE7F326,NORMAL
1061,61C48DBF,https://tantalize.lk/t/61C48DBF,NORMAL
1062,E6504B57,https://tantalize.lk/t/E6504B57,NORMAL
1063,949036FC,https://tantalize.lk/t/949036FC,NORMAL
1064,1DDB9A48,https://tantalize.lk/t/1DDB9A48,NORMAL
1065,51E69BC8,https://tantalize.lk/t/51E69BC8,NORMAL
1066,9308AC95,https://tantalize.lk/t/9308AC95,NORMAL
1067,E52FB63F,https://tantalize.lk/t/E52FB63F,NORMAL
1068,4C2FB068,https://tantalize.lk/t/4C2FB068,NORMAL
1069,DE0972C9,https://tantalize.lk/t/DE0972C9,NORMAL
1070,4EC57AC7,https://tantalize.lk/t/4EC57AC7,NORMAL
1071,B07B5E68,https://tantalize.lk/t/B07B5E68,NORMAL
1072,5898C96B,https://tantalize.lk/t/5898C96B,NORMAL
1073,59340F05,https://tantalize.lk/t/59340F05,NORMAL
1074,8762030B,https://tantalize.lk/t/8762030B,NORMAL
1075,919D75F3,https://tantalize.lk/t/919D75F3,NORMAL
1076,6CC61483,https://tantalize.lk/t/6CC61483,NORMAL
1077,22A5135C,https://tantalize.lk/t/22A5135C,NORMAL
1078,D58CF204,https://tantalize.lk/t/D58CF204,NORMAL
1079,15C53E5E,https://tantalize.lk/t/15C53E5E,NORMAL
1080,91E11BE2,https://tantalize.lk/t/91E11BE2,NORMAL
1081,B96B642B,https://tantalize.lk/t/B96B642B,NORMAL
1082,08B77C87,https://tantalize.lk/t/08B77C87,NORMAL
1083,023595B7,https://tantalize.lk/t/023595B7,NORMAL
1084,EB4055C1,https://tantalize.lk/t/EB4055C1,NORMAL
1085,55EBAFAE,https://tantalize.lk/t/55EBAFAE,NORMAL
1086,DDF665E4,https://tantalize.lk/t/DDF665E4,NORMAL
1087,C6088BD7,https://tantalize.lk/t/C6088BD7,NORMAL
1088,4762E1B0,https://tantalize.lk/t/4762E1B0,NORMAL
1089,123621DE,https://tantalize.lk/t/123621DE,NORMAL
1090,368E573F,https://tantalize.lk/t/368E573F,NORMAL
1091,1B953743,https://tantalize.lk/t/1B953743,NORMAL
1092,A9765060,https://tantalize.lk/t/A9765060,NORMAL
1093,712A1C58,https://tantalize.lk/t/712A1C58,NORMAL
1094,8BD1DCDE,https://tantalize.lk/t/8BD1DCDE,NORMAL
1095,89FAE15E,https://tantalize.lk/t/89FAE15E,NORMAL
1096,62309D2B,https://tantalize.lk/t/62309D2B,NORMAL
1097,A1DD5B6B,https://tantalize.lk/t/A1DD5B6B,NORMAL
1098,DC7AC7A2,https://tantalize.lk/t/DC7AC7A2,NORMAL
1099,21F674C8,https://tantalize.lk/t/21F674C8,NORMAL
1100,4C39F033,https://tantalize.lk/t/4C39F033,NORMAL
1101,2FEF98DB,https://tantalize.lk/t/2FEF98DB,NORMAL
1102,274F13EB,https://tantalize.lk/t/274F13EB,NORMAL
1103,94034F93,https://tantalize.lk/t/94034F93,NORMAL
1104,53282844,https://tantalize.lk/t/53282844,NORMAL
1105,3FF5F1FE,https://tantalize.lk/t/3FF5F1FE,NORMAL
1106,890FAA3F,https://tantalize.lk/t/890FAA3F,NORMAL
1107,DEEAA57F,https://tantalize.lk/t/DEEAA57F,NORMAL
1108,E6C78487,https://tantalize.lk/t/E6C78487,NORMAL
1109,A7B1F09C,https://tantalize.lk/t/A7B1F09C,NORMAL
1110,4BB45A10,https://tantalize.lk/t/4BB45A10,NORMAL
1111,11202271,https://tantalize.lk/t/11202271,NORMAL
1112,6BA651C4,https://tantalize.lk/t/6BA651C4,NORMAL
1113,6DB109F7,https://tantalize.lk/t/6DB109F7,NORMAL
1114,D9F86948,https://tantalize.lk/t/D9F86948,NORMAL
1115,5C528E65,https://tantalize.lk/t/5C528E65,NORMAL
1116,8EB881CE,https://tantalize.lk/t/8EB881CE,NORMAL
1117,B09A1D19,https://tantalize.lk/t/B09A1D19,NORMAL
1118,85FE43D3,https://tantalize.lk/t/85FE43D3,NORMAL
1119,2843538A,https://tantalize.lk/t/2843538A,NORMAL
1120,F49C7CB1,https://tantalize.lk/t/F49C7CB1,NORMAL
1121,B285D2C6,https://tantalize.lk/t/B285D2C6,NORMAL
1122,661F3D4A,https://tantalize.lk/t/661F3D4A,NORMAL
1123,D28F82DD,https://tantalize.lk/t/D28F82DD,NORMAL
1124,7FDEEF47,https://tantalize.lk/t/7FDEEF47,NORMAL
1125,5E6484B4,https://tantalize.lk/t/5E6484B4,NORMAL
1126,88D5F6D0,https://tantalize.lk/t/88D5F6D0,NORMAL
1127,067EE6F3,https://tantalize.lk/t/067EE6F3,NORMAL
1128,395A3FA6,https://tantalize.lk/t/395A3FA6,NORMAL
1129,3E7D4F35,https://tantalize.lk/t/3E7D4F35,NORMAL
1130,E0C5155E,https://tantalize.lk/t/E0C5155E,NORMAL
1131,4A1B3C2D,https://tantalize.lk/t/4A1B3C2D,NORMAL
1132,BD8328B7,https://tantalize.lk/t/BD8328B7,NORMAL
1133,34FE01A8,https://tantalize.lk/t/34FE01A8,NORMAL
1134,C4B1274E,https://tantalize.lk/t/C4B1274E,NORMAL
1135,BFCDF761,https://tantalize.lk/t/BFCDF761,NORMAL
1136,F3FC5A21,https://tantalize.lk/t/F3FC5A21,NORMAL
1137,1A948E0F,https://tantalize.lk/t/1A948E0F,NORMAL
1138,6F12B0A3,https://tantalize.lk/t/6F12B0A3,NORMAL
1139,33BF6953,https://tantalize.lk/t/33BF6953,NORMAL
1140,891F8E68,https://tantalize.lk/t/891F8E68,NORMAL
1141,F7859FE5,https://tantalize.lk/t/F7859FE5,NORMAL
1142,03BAD0B2,https://tantalize.lk/t/03BAD0B2,NORMAL
1143,816D42E6,https://tantalize.lk/t/816D42E6,NORMAL
1144,D3E0C6E1,https://tantalize.lk/t/D3E0C6E1,NORMAL
1145,EC632853,https://tantalize.lk/t/EC632853,NORMAL
1146,5EDF9540,https://tantalize.lk/t/5EDF9540,NORMAL
1147,9911AA2A,https://tantalize.lk/t/9911AA2A,NORMAL
1148,895C85B0,https://tantalize.lk/t/895C85B0,NORMAL
1149,2718C2CF,https://tantalize.lk/t/2718C2CF,NORMAL
1150,1DC95CC6,https://tantalize.lk/t/1DC95CC6,NORMAL
1151,64958F8C,https://tantalize.lk/t/64958F8C,NORMAL
1152,EA84576B,https://tantalize.lk/t/EA84576B,NORMAL
1153,A51D272E,https://tantalize.lk/t/A51D272E,NORMAL
1154,CAEBA160,https://tantalize.lk/t/CAEBA160,NORMAL
1155,BA566BBB,https://tantalize.lk/t/BA566BBB,NORMAL
1156,AE5FA5F4,https://tantalize.lk/t/AE5FA5F4,NORMAL
1157,9CF8FD75,https://tantalize.lk/t/9CF8FD75,NORMAL
1158,11066C47,https://tantalize.lk/t/11066C47,NORMAL
1159,91F42127,https://tantalize.lk/t/91F42127,NORMAL
1160,5F995CDF,https://tantalize.lk/t/5F995CDF,NORMAL
1161,FAAB97A4,https://tantalize.lk/t/FAAB97A4,NORMAL
1162,2F293D21,https://tantalize.lk/t/2F293D21,NORMAL
1163,D63E1251,https://tantalize.lk/t/D63E1251,NORMAL
1164,FA5F41E2,https://tantalize.lk/t/FA5F41E2,NORMAL
1165,27700B9F,https://tantalize.lk/t/27700B9F,NORMAL
1166,D6C6E3FE,https://tantalize.lk/t/D6C6E3FE,NORMAL
1167,1D36CAA6,https://tantalize.lk/t/1D36CAA6,NORMAL
1168,0FD76453,https://tantalize.lk/t/0FD76453,NORMAL
1169,90A53AD6,https://tantalize.lk/t/90A53AD6,NORMAL
1170,9AD9BA89,https://tantalize.lk/t/9AD9BA89,NORMAL
1171,E3A6C2AE,https://tantalize.lk/t/E3A6C2AE,NORMAL
1172,150B4536,https://tantalize.lk/t/150B4536,NORMAL
1173,E7B07E31,https://tantalize.lk/t/E7B07E31,NORMAL
1174,AD0794E7,https://tantalize.lk/t/AD0794E7,NORMAL
1175,657C3C4D,https://tantalize.lk/t/657C3C4D,NORMAL
1176,57E67D70,https://tantalize.lk/t/57E67D70,NORMAL
1177,72751211,https://tantalize.lk/t/72751211,NORMAL
1178,44E7F38D,https://tantalize.lk/t/44E7F38D,NORMAL
1179,BE2B022C,https://tantalize.lk/t/BE2B022C,NORMAL
1180,6EF696A0,https://tantalize.lk/t/6EF696A0,NORMAL
1181,EA0729D3,https://tantalize.lk/t/EA0729D3,NORMAL
1182,4C4A2F79,https://tantalize.lk/t/4C4A2F79,NORMAL
1183,0F5F431E,https://tantalize.lk/t/0F5F431E,NORMAL
1184,64CE8E6D,https://tantalize.lk/t/64CE8E6D,NORMAL
1185,F3BE2666,https://tantalize.lk/t/F3BE2666,NORMAL
1186,0E60C8FC,https://tantalize.lk/t/0E60C8FC,NORMAL
1187,AD0ECAFA,https://tantalize.lk/t/AD0ECAFA,NORMAL
1188,0F48A298,https://tantalize.lk/t/0F48A298,NORMAL
1189,5C0B910C,https://tantalize.lk/t/5C0B910C,NORMAL
1190,FF78280F,https://tantalize.lk/t/FF78280F,NORMAL
1191,297F33FB,https://tantalize.lk/t/297F33FB,NORMAL
1192,EC006545,https://tantalize.lk/t/EC006545,NORMAL
1193,1F69A265,https://tantalize.lk/t/1F69A265,NORMAL
1194,EB19C1F2,https://tantalize.lk/t/EB19C1F2,NORMAL
1195,8663011C,https://tantalize.lk/t/8663011C,NORMAL
1196,68543F1A,https://tantalize.lk/t/68543F1A,NORMAL
1197,B33F4878,https://tantalize.lk/t/B33F4878,NORMAL
1198,6AAA53F7,https://tantalize.lk/t/6AAA53F7,NORMAL
1199,3E0A2707,https://tantalize.lk/t/3E0A2707,NORMAL
1200,E5656AF5,https://tantalize.lk/t/E5656AF5,NORMAL
1201,462ACE42,https://tantalize.lk/t/462ACE42,NORMAL
1202,DF15EE08,https://tantalize.lk/t/DF15EE08,NORMAL
1203,947652A7,https://tantalize.lk/t/947652A7,NORMAL
1204,18334291,https://tantalize.lk/t/18334291,NORMAL
1205,79F605D0,https://tantalize.lk/t/79F605D0,NORMAL
1206,28A071BF,https://tantalize.lk/t/28A071BF,NORMAL
1207,A9E6A878,https://tantalize.lk/t/A9E6A878,NORMAL
1208,714D1CEA,https://tantalize.lk/t/714D1CEA,NORMAL
1209,2648E821,https://tantalize.lk/t/2648E821,NORMAL
1210,38771B05,https://tantalize.lk/t/38771B05,NORMAL
1211,428AE6D7,https://tantalize.lk/t/428AE6D7,NORMAL
1212,05FD272B,https://tantalize.lk/t/05FD272B,NORMAL
1213,B502976A,https://tantalize.lk/t/B502976A,NORMAL
1214,52C43885,https://tantalize.lk/t/52C43885,NORMAL
1215,2AA707DA,https://tantalize.lk/t/2AA707DA,NORMAL
1216,D23A3A3A,https://tantalize.lk/t/D23A3A3A,NORMAL
1217,CDAF231F,https://tantalize.lk/t/CDAF231F,NORMAL
1218,3649E549,https://tantalize.lk/t/3649E549,NORMAL
1219,20C508ED,https://tantalize.lk/t/20C508ED,NORMAL
1220,BD18527C,https://tantalize.lk/t/BD18527C,NORMAL
1221,55D236EA,https://tantalize.lk/t/55D236EA,NORMAL
1222,671B2C24,https://tantalize.lk/t/671B2C24,NORMAL
1223,F9F5C5CA,https://tantalize.lk/t/F9F5C5CA,NORMAL
1224,3B764570,https://tantalize.lk/t/3B764570,NORMAL
1225,82FAF935,https://tantalize.lk/t/82FAF935,NORMAL
1226,2EDE5B21,https://tantalize.lk/t/2EDE5B21,NORMAL
1227,BA2BA4C8,https://tantalize.lk/t/BA2BA4C8,NORMAL
1228,794713F6,https://tantalize.lk/t/794713F6,NORMAL
1229,7B70AFC8,https://tantalize.lk/t/7B70AFC8,NORMAL
1230,D8A0D5A9,https://tantalize.lk/t/D8A0D5A9,NORMAL
1231,17CEEDC8,https://tantalize.lk/t/17CEEDC8,NORMAL
1232,25657083,https://tantalize.lk/t/25657083,NORMAL
1233,58C9E01B,https://tantalize.lk/t/58C9E01B,NORMAL
1234,9C73FE80,https://tantalize.lk/t/9C73FE80,NORMAL
1235,4C05CBB9,https://tantalize.lk/t/4C05CBB9,NORMAL
1236,6826E95D,https://tantalize.lk/t/6826E95D,NORMAL
1237,EB97A1C4,https://tantalize.lk/t/EB97A1C4,NORMAL
1238,8B867CCB,https://tantalize.lk/t/8B867CCB,NORMAL
1239,8EEE1254,https://tantalize.lk/t/8EEE1254,NORMAL
1240,1B5E6F30,https://tantalize.lk/t/1B5E6F30,NORMAL
1241,94DB6472,https://tantalize.lk/t/94DB6472,NORMAL
1242,C99B6CF1,https://tantalize.lk/t/C99B6CF1,NORMAL
1243,C19AFAB7,https://tantalize.lk/t/C19AFAB7,NORMAL
1244,A3E4732E,https://tantalize.lk/t/A3E4732E,NORMAL
1245,A99F759B,https://tantalize.lk/t/A99F759B,NORMAL
1246,603C9C4F,https://tantalize.lk/t/603C9C4F,NORMAL
1247,211E51CA,https://tantalize.lk/t/211E51CA,NORMAL
1248,CD592E13,https://tantalize.lk/t/CD592E13,NORMAL
1249,D234C2FF,https://tantalize.lk/t/D234C2FF,NORMAL
1250,F2813504,https://tantalize.lk/t/F2813504,NORMAL
1251,3E844AA2,https://tantalize.lk/t/3E844AA2,NORMAL
1252,E509B0EF,https://tantalize.lk/t/E509B0EF,NORMAL
1253,802AE1CB,https://tantalize.lk/t/802AE1CB,NORMAL
1254,8CB5B50A,https://tantalize.lk/t/8CB5B50A,NORMAL
1255,52918006,https://tantalize.lk/t/52918006,NORMAL
1256,EE99F84C,https://tantalize.lk/t/EE99F84C,NORMAL
1257,973CB6EC,https://tantalize.lk/t/973CB6EC,NORMAL
1258,657ECDCB,https://tantalize.lk/t/657ECDCB,NORMAL
1259,782A4085,https://tantalize.lk/t/782A4085,NORMAL
1260,F923CB2A,https://tantalize.lk/t/F923CB2A,NORMAL
1261,1112CC04,https://tantalize.lk/t/1112CC04,NORMAL
1262,CC20CD70,https://tantalize.lk/t/CC20CD70,NORMAL
1263,81B4E45A,https://tantalize.lk/t/81B4E45A,NORMAL
1264,EF07BBE4,https://tantalize.lk/t/EF07BBE4,NORMAL
1265,D4A8944D,https://tantalize.lk/t/D4A8944D,NORMAL
1266,7D984001,https://tantalize.lk/t/7D984001,NORMAL
1267,CD0B9D14,https://tantalize.lk/t/CD0B9D14,NORMAL
1268,1435CA76,https://tantalize.lk/t/1435CA76,NORMAL
1269,EA0B37C3,https://tantalize.lk/t/EA0B37C3,NORMAL
1270,C3F2274A,https://tantalize.lk/t/C3F2274A,NORMAL
1271,D93CD9CA,https://tantalize.lk/t/D93CD9CA,NORMAL
1272,58CBA79B,https://tantalize.lk/t/58CBA79B,NORMAL
1273,4CC2299E,https://tantalize.lk/t/4CC2299E,NORMAL
1274,42ACD11F,https://tantalize.lk/t/42ACD11F,NORMAL
1275,55B34D5F,https://tantalize.lk/t/55B34D5F,NORMAL
1276,A673936B,https://tantalize.lk/t/A673936B,NORMAL
1277,855564F6,https://tantalize.lk/t/855564F6,NORMAL
1278,769B7534,https://tantalize.lk/t/769B7534,NORMAL
1279,57C905F2,https://tantalize.lk/t/57C905F2,NORMAL
1280,BB5AC7D6,https://tantalize.lk/t/BB5AC7D6,NORMAL
1281,89FE16EE,https://tantalize.lk/t/89FE16EE,NORMAL
1282,C30CBBB8,https://tantalize.lk/t/C30CBBB8,NORMAL
1283,FB333887,https://tantalize.lk/t/FB333887,NORMAL
1284,12D54302,https://tantalize.lk/t/12D54302,NORMAL
1285,508C4E28,https://tantalize.lk/t/508C4E28,NORMAL
1286,11BF2781,https://tantalize.lk/t/11BF2781,NORMAL
1287,E1F716D9,https://tantalize.lk/t/E1F716D9,NORMAL
1288,641EA376,https://tantalize.lk/t/641EA376,NORMAL
1289,80C3AD66,https://tantalize.lk/t/80C3AD66,NORMAL
1290,363B8080,https://tantalize.lk/t/363B8080,NORMAL
1291,7E6B9A6A,https://tantalize.lk/t/7E6B9A6A,NORMAL
1292,FF8C3E22,https://tantalize.lk/t/FF8C3E22,NORMAL
1293,E122C126,https://tantalize.lk/t/E122C126,NORMAL
1294,1BE92672,https://tantalize.lk/t/1BE92672,NORMAL
1295,2C7F6219,https://tantalize.lk/t/2C7F6219,NORMAL
1296,E502B486,https://tantalize.lk/t/E502B486,NORMAL
1297,26AA5454,https://tantalize.lk/t/26AA5454,NORMAL
1298,50E1232A,https://tantalize.lk/t/50E1232A,NORMAL
1299,16F6226C,https://tantalize.lk/t/16F6226C,NORMAL
1300,246D41AA,https://tantalize.lk/t/246D41AA,NORMAL
1301,780A03E8,https://tantalize.lk/t/780A03E8,NORMAL
1302,51D61CBB,https://tantalize.lk/t/51D61CBB,NORMAL
1303,6F0F2EC5,https://tantalize.lk/t/6F0F2EC5,NORMAL
1304,57E1A2EE,https://tantalize.lk/t/57E1A2EE,NORMAL
1305,0F26E002,https://tantalize.lk/t/0F26E002,NORMAL
1306,2C8559AC,https://tantalize.lk/t/2C8559AC,NORMAL
1307,B6F8F08F,https://tantalize.lk/t/B6F8F08F,NORMAL
1308,EDF3EF05,https://tantalize.lk/t/EDF3EF05,NORMAL
1309,5E031038,https://tantalize.lk/t/5E031038,NORMAL
1310,6B93D0E8,https://tantalize.lk/t/6B93D0E8,NORMAL
1311,8397259D,https://tantalize.lk/t/8397259D,NORMAL
1312,BD50A4CF,https://tantalize.lk/t/BD50A4CF,NORMAL
1313,F1589556,https://tantalize.lk/t/F1589556,NORMAL
1314,A3C66053,https://tantalize.lk/t/A3C66053,NORMAL
1315,45DCB76E,https://tantalize.lk/t/45DCB76E,NORMAL
1316,CBFB3E90,https://tantalize.lk/t/CBFB3E90,NORMAL
1317,7CA76015,https://tantalize.lk/t/7CA76015,NORMAL
1318,393731EE,https://tantalize.lk/t/393731EE,NORMAL
1319,B9A8E2CD,https://tantalize.lk/t/B9A8E2CD,NORMAL
1320,749F8187,https://tantalize.lk/t/749F8187,NORMAL
1321,D63A224C,https://tantalize.lk/t/D63A224C,NORMAL
1322,A27CBB78,https://tantalize.lk/t/A27CBB78,NORMAL
1323,2932EA4B,https://tantalize.lk/t/2932EA4B,NORMAL
1324,30A2C7DA,https://tantalize.lk/t/30A2C7DA,NORMAL
1325,74040E72,https://tantalize.lk/t/74040E72,NORMAL
1326,0C414E59,https://tantalize.lk/t/0C414E59,NORMAL
1327,B3028F4A,https://tantalize.lk/t/B3028F4A,NORMAL
1328,E662860F,https://tantalize.lk/t/E662860F,NORMAL
1329,2AA17C25,https://tantalize.lk/t/2AA17C25,NORMAL
1330,E2B4137D,https://tantalize.lk/t/E2B4137D,NORMAL
1331,1149D45C,https://tantalize.lk/t/1149D45C,NORMAL
1332,78EE1F4A,https://tantalize.lk/t/78EE1F4A,NORMAL
1333,A40D985D,https://tantalize.lk/t/A40D985D,NORMAL
1334,823AE123,https://tantalize.lk/t/823AE123,NORMAL
1335,6D64E524,https://tantalize.lk/t/6D64E524,NORMAL
1336,A4909EE6,https://tantalize.lk/t/A4909EE6,NORMAL
1337,FA6714C0,https://tantalize.lk/t/FA6714C0,NORMAL
1338,2C951C04,https://tantalize.lk/t/2C951C04,NORMAL
1339,A4DD0BE0,https://tantalize.lk/t/A4DD0BE0,NORMAL
1340,0E731395,https://tantalize.lk/t/0E731395,NORMAL
1341,0199895A,https://tantalize.lk/t/0199895A,NORMAL
1342,38496278,https://tantalize.lk/t/38496278,NORMAL
1343,372975B7,https://tantalize.lk/t/372975B7,NORMAL
1344,F926B1CC,https://tantalize.lk/t/F926B1CC,NORMAL
1345,29D5C755,https://tantalize.lk/t/29D5C755,NORMAL
1346,6F713446,https://tantalize.lk/t/6F713446,NORMAL
1347,1A5E512C,https://tantalize.lk/t/1A5E512C,NORMAL
1348,CA2DDB60,https://tantalize.lk/t/CA2DDB60,NORMAL
1349,913E43A4,https://tantalize.lk/t/913E43A4,NORMAL
1350,EFB8F18C,https://tantalize.lk/t/EFB8F18C,NORMAL
1351,FAE82049,https://tantalize.lk/t/FAE82049,NORMAL
1352,3C5013E0,https://tantalize.lk/t/3C5013E0,NORMAL
1353,DE5B32C1,https://tantalize.lk/t/DE5B32C1,NORMAL
1354,61BE6AF0,https://tantalize.lk/t/61BE6AF0,NORMAL
1355,659FD139,https://tantalize.lk/t/659FD139,NORMAL
1356,ED118CDA,https://tantalize.lk/t/ED118CDA,NORMAL
1357,408E1599,https://tantalize.lk/t/408E1599,NORMAL
1358,519A3030,https://tantalize.lk/t/519A3030,NORMAL
1359,E17273AB,https://tantalize.lk/t/E17273AB,NORMAL
1360,352DBA5C,https://tantalize.lk/t/352DBA5C,NORMAL
1361,1F212861,https://tantalize.lk/t/1F212861,NORMAL
1362,FB638978,https://tantalize.lk/t/FB638978,NORMAL
1363,DFF7F3B2,https://tantalize.lk/t/DFF7F3B2,NORMAL
1364,E7F98275,https://tantalize.lk/t/E7F98275,NORMAL
1365,343CC7C2,https://tantalize.lk/t/343CC7C2,NORMAL
1366,C1E36D93,https://tantalize.lk/t/C1E36D93,NORMAL
1367,F3FC087D,https://tantalize.lk/t/F3FC087D,NORMAL
1368,BA9C3685,https://tantalize.lk/t/BA9C3685,NORMAL
1369,4C6B6BF1,https://tantalize.lk/t/4C6B6BF1,NORMAL
1370,90FA5198,https://tantalize.lk/t/90FA5198,NORMAL
1371,AEA16330,https://tantalize.lk/t/AEA16330,NORMAL
1372,958868C0,https://tantalize.lk/t/958868C0,NORMAL
1373,451FD04B,https://tantalize.lk/t/451FD04B,NORMAL
1374,75144E65,https://tantalize.lk/t/75144E65,NORMAL
1375,78975D9A,https://tantalize.lk/t/78975D9A,NORMAL
1376,C5D80779,https://tantalize.lk/t/C5D80779,NORMAL
1377,449C8D50,https://tantalize.lk/t/449C8D50,NORMAL
1378,3FDFF070,https://tantalize.lk/t/3FDFF070,NORMAL
1379,11B8BC34,https://tantalize.lk/t/11B8BC34,NORMAL
1380,F113EA2B,https://tantalize.lk/t/F113EA2B,NORMAL
1381,6840A943,https://tantalize.lk/t/6840A943,NORMAL
1382,7C228CFB,https://tantalize.lk/t/7C228CFB,NORMAL
1383,8CC12923,https://tantalize.lk/t/8CC12923,NORMAL
1384,2E67C16B,https://tantalize.lk/t/2E67C16B,NORMAL
1385,EB76A228,https://tantalize.lk/t/EB76A228,NORMAL
1386,BA1D6EAE,https://tantalize.lk/t/BA1D6EAE,NORMAL
1387,B819B7FC,https://tantalize.lk/t/B819B7FC,NORMAL
1388,E7588BE0,https://tantalize.lk/t/E7588BE0,NORMAL
1389,DD4FA94E,https://tantalize.lk/t/DD4FA94E,NORMAL
1390,BD11BF4E,https://tantalize.lk/t/BD11BF4E,NORMAL
1391,E271A2A4,https://tantalize.lk/t/E271A2A4,NORMAL
1392,0ADFD673,https://tantalize.lk/t/0ADFD673,NORMAL
1393,9EA32BDC,https://tantalize.lk/t/9EA32BDC,NORMAL
1394,8C7E0CF7,https://tantalize.lk/t/8C7E0CF7,NORMAL
1395,77F00999,https://tantalize.lk/t/77F00999,NORMAL
1396,3F6D432B,https://tantalize.lk/t/3F6D432B,NORMAL
1397,B8223EEF,https://tantalize.lk/t/B8223EEF,NORMAL
1398,4B030C3D,https://tantalize.lk/t/4B030C3D,NORMAL
1399,20D32954,https://tantalize.lk/t/20D32954,NORMAL
1400,FB10E056,https://tantalize.lk/t/FB10E056,NORMAL
1401,57DF31F6,https://tantalize.lk/t/57DF31F6,NORMAL
1402,544D5F31,https://tantalize.lk/t/544D5F31,NORMAL
1403,DC8FFA39,https://tantalize.lk/t/DC8FFA39,NORMAL
1404,84E4E092,https://tantalize.lk/t/84E4E092,NORMAL
1405,B34EC6A5,https://tantalize.lk/t/B34EC6A5,NORMAL
1406,3291B4C4,https://tantalize.lk/t/3291B4C4,NORMAL
1407,8658A5C1,https://tantalize.lk/t/8658A5C1,NORMAL
1408,CD2770C5,https://tantalize.lk/t/CD2770C5,NORMAL
1409,3D849588,https://tantalize.lk/t/3D849588,NORMAL
1410,ABC65068,https://tantalize.lk/t/ABC65068,NORMAL
1411,04689B06,https://tantalize.lk/t/04689B06,NORMAL
1412,FC8ABBA2,https://tantalize.lk/t/FC8ABBA2,NORMAL
1413,C93ED18A,https://tantalize.lk/t/C93ED18A,NORMAL
1414,F4EB7421,https://tantalize.lk/t/F4EB7421,NORMAL
1415,D1EC7FFF,https://tantalize.lk/t/D1EC7FFF,NORMAL
1416,1FFE16A5,https://tantalize.lk/t/1FFE16A5,NORMAL
1417,2A5E99DE,https://tantalize.lk/t/2A5E99DE,NORMAL
1418,3CFCAB1C,https://tantalize.lk/t/3CFCAB1C,NORMAL
1419,B3540958,https://tantalize.lk/t/B3540958,NORMAL
1420,135D93A4,https://tantalize.lk/t/135D93A4,NORMAL
1421,6F8BADF3,https://tantalize.lk/t/6F8BADF3,NORMAL
1422,CDEF6AA7,https://tantalize.lk/t/CDEF6AA7,NORMAL
1423,A4E1AC79,https://tantalize.lk/t/A4E1AC79,NORMAL
1424,0407FE70,https://tantalize.lk/t/0407FE70,NORMAL
1425,F7112096,https://tantalize.lk/t/F7112096,NORMAL
1426,CBA88D56,https://tantalize.lk/t/CBA88D56,NORMAL
1427,78D7EED0,https://tantalize.lk/t/78D7EED0,NORMAL
1428,3401F120,https://tantalize.lk/t/3401F120,NORMAL
1429,4C3DB040,https://tantalize.lk/t/4C3DB040,NORMAL
1430,1B97EB5F,https://tantalize.lk/t/1B97EB5F,NORMAL
1431,04FA4BB5,https://tantalize.lk/t/04FA4BB5,NORMAL
1432,12845F0E,https://tantalize.lk/t/12845F0E,NORMAL
1433,AF05C7BB,https://tantalize.lk/t/AF05C7BB,NORMAL
1434,742EFD19,https://tantalize.lk/t/742EFD19,NORMAL
1435,87CA9464,https://tantalize.lk/t/87CA9464,NORMAL
1436,0CC299C3,https://tantalize.lk/t/0CC299C3,NORMAL
1437,A3E91A78,https://tantalize.lk/t/A3E91A78,NORMAL
1438,8F6DAE30,https://tantalize.lk/t/8F6DAE30,NORMAL
1439,93D7D1B4,https://tantalize.lk/t/93D7D1B4,NORMAL
1440,720B54EC,https://tantalize.lk/t/720B54EC,NORMAL
1441,C9E08C22,https://tantalize.lk/t/C9E08C22,NORMAL
1442,215A005E,https://tantalize.lk/t/215A005E,NORMAL
1443,21A7308B,https://tantalize.lk/t/21A7308B,NORMAL
1444,83C0C47C,https://tantalize.lk/t/83C0C47C,NORMAL
1445,AF3D74A3,https://tantalize.lk/t/AF3D74A3,NORMAL
1446,98F94E4F,https://tantalize.lk/t/98F94E4F,NORMAL
1447,7234C6A5,https://tantalize.lk/t/7234C6A5,NORMAL
1448,CC95BDF7,https://tantalize.lk/t/CC95BDF7,NORMAL
1449,83E7C9B4,https://tantalize.lk/t/83E7C9B4,NORMAL
1450,F73C92F5,https://tantalize.lk/t/F73C92F5,NORMAL
1451,449D693E,https://tantalize.lk/t/449D693E,NORMAL
1452,8761C54B,https://tantalize.lk/t/8761C54B,NORMAL
1453,42892156,https://tantalize.lk/t/42892156,NORMAL
1454,608F8286,https://tantalize.lk/t/608F8286,NORMAL
1455,F9AF8EA7,https://tantalize.lk/t/F9AF8EA7,NORMAL
1456,FFE9D95D,https://tantalize.lk/t/FFE9D95D,NORMAL
1457,808320FA,https://tantalize.lk/t/808320FA,NORMAL
1458,F3599F20,https://tantalize.lk/t/F3599F20,NORMAL
1459,2D3357F8,https://tantalize.lk/t/2D3357F8,NORMAL
1460,EDEF9121,https://tantalize.lk/t/EDEF9121,NORMAL
1461,689162CB,https://tantalize.lk/t/689162CB,NORMAL
1462,848D93CF,https://tantalize.lk/t/848D93CF,NORMAL
1463,4CBA5FF5,https://tantalize.lk/t/4CBA5FF5,NORMAL
1464,2FC6842A,https://tantalize.lk/t/2FC6842A,NORMAL
1465,3A1FA9CB,https://tantalize.lk/t/3A1FA9CB,NORMAL
1466,236290C5,https://tantalize.lk/t/236290C5,NORMAL
1467,EB71D577,https://tantalize.lk/t/EB71D577,NORMAL
1468,8FECBE3D,https://tantalize.lk/t/8FECBE3D,NORMAL
1469,492AE57F,https://tantalize.lk/t/492AE57F,NORMAL
1470,FBAEE170,https://tantalize.lk/t/FBAEE170,NORMAL
1471,3E8D7479,https://tantalize.lk/t/3E8D7479,NORMAL
1472,027B082A,https://tantalize.lk/t/027B082A,NORMAL
1473,BF00D3B4,https://tantalize.lk/t/BF00D3B4,NORMAL
1474,DE0492DB,https://tantalize.lk/t/DE0492DB,NORMAL
1475,4D7BC444,https://tantalize.lk/t/4D7BC444,NORMAL
1476,7DA3759D,https://tantalize.lk/t/7DA3759D,NORMAL
1477,07F86A6E,https://tantalize.lk/t/07F86A6E,NORMAL
1478,BFD79178,https://tantalize.lk/t/BFD79178,NORMAL
1479,1431AD43,https://tantalize.lk/t/1431AD43,NORMAL
1480,7901937D,https://tantalize.lk/t/7901937D,NORMAL
1481,7548F04E,https://tantalize.lk/t/7548F04E,NORMAL
1482,5533170D,https://tantalize.lk/t/5533170D,NORMAL
1483,3A43D207,https://tantalize.lk/t/3A43D207,NORMAL
1484,95F09CF8,https://tantalize.lk/t/95F09CF8,NORMAL
1485,38596C33,https://tantalize.lk/t/38596C33,NORMAL
1486,F20B4D96,https://tantalize.lk/t/F20B4D96,NORMAL
1487,FC34D606,https://tantalize.lk/t/FC34D606,NORMAL
1488,595C39C1,https://tantalize.lk/t/595C39C1,NORMAL
1489,0C1F8EDA,https://tantalize.lk/t/0C1F8EDA,NORMAL
1490,C314BF62,https://tantalize.lk/t/C314BF62,NORMAL
1491,3DE8C3FD,https://tantalize.lk/t/3DE8C3FD,NORMAL
1492,DBABDC49,https://tantalize.lk/t/DBABDC49,NORMAL
1493,A9349059,https://tantalize.lk/t/A9349059,NORMAL
1494,F47DBD14,https://tantalize.lk/t/F47DBD14,NORMAL
1495,377D0F91,https://tantalize.lk/t/377D0F91,NORMAL
1496,E9ED6242,https://tantalize.lk/t/E9ED6242,NORMAL
1497,D0AE9F1A,https://tantalize.lk/t/D0AE9F1A,NORMAL
1498,8593C3F2,https://tantalize.lk/t/8593C3F2,NORMAL
1499,1A7B3EDD,https://tantalize.lk/t/1A7B3EDD,NORMAL
1500,EF40573C,https://tantalize.lk/t/EF40573C,NORMAL
